rank,date,company,value,industry,country,gang_rank,max_tech,tech_n,max_others,others_n,yearly_max_total
1,12-31-2020,Apple,2.256E+12,Technology,United States,1,2.256E+12,9,5.4311E+11,1,2.79911E+12
2,12-31-2020,Microsoft,1.682E+12,Technology,United States,2,2.256E+12,9,5.4311E+11,1,2.79911E+12
3,12-31-2020,Amazon,1.634E+12,Technology,United States,3,2.256E+12,9,5.4311E+11,1,2.79911E+12
4,12-31-2020,Alphabet,1.184E+12,Technology,United States,4,2.256E+12,9,5.4311E+11,1,2.79911E+12
5,12-31-2020,Facebook,7.7803E+11,Technology,United States,5,2.256E+12,5,5.4311E+11,1,2.79911E+12
6,12-31-2020,Tencent,6.9324E+11,Technology,China,6,2.256E+12,9,5.4311E+11,1,2.79911E+12
7,12-31-2020,Tesla,6.6890E+11,Technology,United States,7,2.256E+12,9,5.4311E+11,1,2.79911E+12
8,12-31-2020,Alibaba,6.4369E+11,Technology,United States,8,2.256E+12,9,5.4311E+11,1,2.79911E+12
9,12-31-2020,Berkshire Hathaway,5.4311E+11,Financial,United States,1,2.256E+12,9,5.4311E+11,1,2.79911E+12
10,12-31-2020,TSMC,4.8444E+11,Technology,Taiwan,9,2.256E+12,9,5.4311E+11,1,2.79911E+12
1,9-30-2020,Apple,1.981E+12,Technology,United States,1,1.981E+12,8,5.0947E+11,2,2.4904E+12
2,9-30-2020,Microsoft,1.592E+12,Technology,United States,2,1.981E+12,8,5.0947E+11,2,2.4904E+12
3,9-30-2020,Amazon,1.577E+12,Technology,United States,3,1.981E+12,8,5.0947E+11,2,2.4904E+12
4,9-30-2020,Alphabet,9.99957E+11,Technology,United States,4,1.981E+12,8,5.0947E+11,2,2.4904E+12
5,9-30-2020,Alibaba,7.954E+11,Technology,China,5,1.981E+12,5,5.0947E+11,2,2.4904E+12
6,9-30-2020,Facebook,7.461E+11,Technology,United States,6,1.981E+12,8,5.0947E+11,2,2.4904E+12
7,9-30-2020,Tencent,6.4679E+11,Technology,China,7,1.981E+12,8,5.0947E+11,2,2.4904E+12
8,9-30-2020,Berkshire Hathaway,5.0947E+11,Financial,United States,1,1.981E+12,8,5.0947E+11,2,2.4904E+12
9,9-30-2020,Visa,4.2551E+11,Financial,United States,2,1.981E+12,8,5.0947E+11,2,2.4904E+12
10,9-30-2020,TSMC,4.2044E+11,Technology,Taiwan,8,1.981E+12,8,5.0947E+11,2,2.4904E+12
7,6-30-2020,Alibaba,5.7974E+11,Technology,China,7,1.576E+12,7,4.3257E+11,3,2.04874E+12
6,6-30-2020,Tencent,6.2092E+11,Technology,China,6,1.576E+12,7,4.3257E+11,3,2.04874E+12
5,6-30-2020,Facebook,6.7569E+11,Technology,United States,5,1.576E+12,7,4.3257E+11,3,2.04874E+12
4,6-30-2020,Alphabet,9.797E+11,Technology,United States,4,1.576E+12,7,4.3257E+11,3,2.04874E+12
3,6-30-2020,Amazon,1.43259E+12,Technology,United States,3,1.576E+12,7,4.3257E+11,3,2.04874E+12
2,6-30-2020,Microsoft,1.551E+12,Technology,United States,2,1.576E+12,7,4.3257E+11,3,2.04874E+12
1,6-30-2020,Apple,1.576E+12,Technology,United States,1,1.576E+12,7,4.3257E+11,3,2.04874E+12
10,6-30-2020,Johnson & Johnson,3.7059E+11,Healthcare,United States,3,1.576E+12,7,4.3257E+11,3,2.04874E+12
9,6-30-2020,Visa,4.1271E+11,Financial,United States,2,1.576E+12,7,4.3257E+11,3,2.04874E+12
8,6-30-2020,Berkshire Hathaway,4.3257E+11,Financial,United States,1,1.576E+12,7,4.3257E+11,3,2.04874E+12
7,3-31-2020,Tencent,4.7166E+11,Technology,China,7,1.2E+12,7,4.4083E+11,3,1.67365E+12
6,3-31-2020,Facebook,4.7546E+11,Technology,United States,6,1.2E+12,7,4.4083E+11,3,1.67365E+12
5,3-31-2020,Alibaba,5.2174E+11,Technology,China,5,1.2E+12,7,4.4083E+11,3,1.67365E+12
4,3-31-2020,Alphabet,7.9918E+11,Technology,United States,4,1.2E+12,7,4.4083E+11,3,1.67365E+12
3,3-31-2020,Amazon,9.7059E+11,Technology,United States,3,1.2E+12,7,4.4083E+11,3,1.67365E+12
2,3-31-2020,Apple,1.113E+12,Technology,United States,2,1.2E+12,7,4.4083E+11,3,1.67365E+12
1,3-31-2020,Microsoft,1.2E+12,Technology,United States,1,1.2E+12,7,4.4083E+11,3,1.67365E+12
10,3-31-2020,Johnson & Johnson,3.457E+11,Healthcare,United States,3,1.2E+12,7,4.4083E+11,3,1.67365E+12
9,3-31-2020,Visa,3.5702E+11,Financial,United States,2,1.2E+12,7,4.4083E+11,3,1.67365E+12
8,3-31-2020,Berkshire Hathaway,4.4083E+11,Financial,United States,1,1.2E+12,7,4.4083E+11,3,1.67365E+12
8,12-31-2019,Tencent,4.6137E+11,Technology,China,7,1.305E+12,7,5.5353E+11,3,1.8957E+12
6,12-31-2019,Alibaba,5.6901E+11,Technology,China,6,1.305E+12,7,5.5353E+11,3,1.8957E+12
5,12-31-2019,Facebook,5.8532E+11,Technology,United States,5,1.305E+12,7,5.5353E+11,3,1.8957E+12
4,12-31-2019,Amazon,9.1615E+11,Technology,United States,4,1.305E+12,7,5.5353E+11,3,1.8957E+12
3,12-31-2019,Alphabet,9.2213E+11,Technology,United States,3,1.305E+12,7,5.5353E+11,3,1.8957E+12
2,12-31-2019,Microsoft,1.203E+12,Technology,United States,2,1.305E+12,7,5.5353E+11,3,1.8957E+12
1,12-31-2019,Apple,1.305E+12,Technology,United States,1,1.305E+12,7,5.5353E+11,3,1.8957E+12
10,12-31-2019,Visa,4.1679E+11,Financial,United States,3,1.305E+12,7,5.5353E+11,3,1.8957E+12
9,12-31-2019,JPMorgan Chase,4.3723E+11,Financial,United States,2,1.305E+12,7,5.5353E+11,3,1.8957E+12
7,12-31-2019,Berkshire Hathaway,5.5353E+11,Financial,United States,1,1.305E+12,7,5.5353E+11,3,1.8957E+12
8,9-30-2019,Tencent,3.9884E+11,Technology,China,7,1.062E+12,7,5.0853E+11,3,1.60194E+12
7,9-30-2019,Alibaba,4.354E+11,Technology,China,6,1.062E+12,7,5.0853E+11,3,1.60194E+12
6,9-30-2019,Facebook,5.0805E+11,Technology,United States,5,1.062E+12,7,5.0853E+11,3,1.60194E+12
4,9-30-2019,Alphabet,8.3802E+11,Technology,United States,4,1.062E+12,7,5.0853E+11,3,1.60194E+12
3,9-30-2019,Amazon,8.5868E+11,Technology,United States,3,1.062E+12,7,5.0853E+11,3,1.60194E+12
2,9-30-2019,Apple,1.012E+12,Technology,United States,2,1.062E+12,7,5.0853E+11,3,1.60194E+12
1,9-30-2019,Microsoft,1.062E+12,Technology,United States,1,1.062E+12,7,5.0853E+11,3,1.60194E+12
10,9-30-2019,JPMorgan Chase,3.7631E+11,Financial,United States,3,1.062E+12,7,5.0853E+11,3,1.60194E+12
9,9-30-2019,Visa,3.8537E+11,Financial,United States,2,1.062E+12,7,5.0853E+11,3,1.60194E+12
5,9-30-2019,Berkshire Hathaway,5.0853E+11,Financial,United States,1,1.062E+12,7,5.0853E+11,3,1.60194E+12
8,6-30-2019,Tencent,4.3208E+11,Technology,China,7,1.028E+12,7,5.211E+11,3,1.58008E+12
7,6-30-2019,Alibaba,4.3915E+11,Technology,China,6,1.028E+12,7,5.211E+11,3,1.58008E+12
5,6-30-2019,Facebook,5.5149E+11,Technology,United States,5,1.028E+12,7,5.211E+11,3,1.58008E+12
4,6-30-2019,Alphabet,7.5117E+11,Technology,United States,4,1.028E+12,7,5.211E+11,3,1.58008E+12
3,6-30-2019,Apple,9.1124E+11,Technology,United States,3,1.028E+12,7,5.211E+11,3,1.58008E+12
2,6-30-2019,Amazon,9.2854E+11,Technology,United States,2,1.028E+12,7,5.211E+11,3,1.58008E+12
1,6-30-2019,Microsoft,1.028E+12,Technology,United States,1,1.028E+12,7,5.211E+11,3,1.58008E+12
10,6-30-2019,Johnson & Johnson,3.703E+11,Healthcare,United States,3,1.028E+12,7,5.211E+11,3,1.58008E+12
9,6-30-2019,Visa,3.79271E+11,Financial,United States,2,1.028E+12,7,5.211E+11,3,1.58008E+12
6,6-30-2019,Berkshire Hathaway,5.211E+11,Financial,United States,1,1.028E+12,7,5.211E+11,3,1.58008E+12
8,3-31-2019,Tencent,4.4098E+11,Technology,China,7,9.0486E+11,7,4.9375E+11,3,1.42658E+12
7,3-31-2019,Alibaba,4.7294E+11,Technology,China,6,9.0486E+11,7,4.9375E+11,3,1.42658E+12
6,3-31-2019,Facebook,4.7573E+11,Technology,United States,5,9.0486E+11,7,4.9375E+11,3,1.42658E+12
4,3-31-2019,Alphabet,8.1816E+11,Technology,United States,4,9.0486E+11,7,4.9375E+11,3,1.42658E+12
3,3-31-2019,Amazon,8.7471E+11,Technology,United States,2,9.0486E+11,7,4.9375E+11,3,1.42658E+12
2,3-31-2019,Apple,8.3567E+11,Technology,United States,3,9.0486E+11,7,4.9375E+11,3,1.42658E+12
1,3-31-2019,Microsoft,9.0486E+11,Technology,United States,1,9.0486E+11,7,4.9375E+11,3,1.42658E+12
10,3-31-2019,Visa,3.5371E+11,Financial,United States,3,9.0486E+11,7,4.9375E+11,3,1.42658E+12
9,3-31-2019,Johnson & Johnson,3.7223E+11,Healthcare,United States,2,9.0486E+11,7,4.9375E+11,3,1.42658E+12
5,3-31-2019,Berkshire Hathaway,4.9375E+11,Financial,United States,1,9.0486E+11,7,4.9375E+11,3,1.42658E+12
8,12-31-2018,Alibaba,3.5513E+11,Technology,China,7,7.8052E+11,7,4.9959E+11,3,1.30571E+12
7,12-31-2018,Tencent,3.7511E+11,Technology,China,6,7.8052E+11,7,4.9959E+11,3,1.30571E+12
6,12-31-2018,Facebook,3.7589E+11,Technology,United States,5,7.8052E+11,7,4.9959E+11,3,1.30571E+12
4,12-31-2018,Alphabet,7.2836E+11,Technology,United States,4,7.8052E+11,7,4.9959E+11,3,1.30571E+12
3,12-31-2018,Amazon,7.359E+11,Technology,United States,3,7.8052E+11,7,4.9959E+11,3,1.30571E+12
2,12-31-2018,Apple,7.4868E+11,Technology,United States,2,7.8052E+11,7,4.9959E+11,3,1.30571E+12
1,12-31-2018,Microsoft,7.8052E+11,Technology,United States,1,7.8052E+11,7,4.9959E+11,3,1.30571E+12
10,12-31-2018,JPMorgan Chase,3.2466E+11,Financial,United States,3,7.8052E+11,7,4.9959E+11,3,1.30571E+12
9,12-31-2018,Johnson & Johnson,3.4611E+11,Healthcare,United States,2,7.8052E+11,7,4.9959E+11,3,1.30571E+12
5,12-31-2018,Berkshire Hathaway,4.9959E+11,Financial,United States,1,7.8052E+11,7,4.9959E+11,3,1.30571E+12
8,9-30-2018,Tencent,3.8808E+11,Technology,China,7,1.091E+12,7,5.2352E+11,3,1.64681E+12
7,9-30-2018,Alibaba,4.236E+11,Technology,China,6,1.091E+12,7,5.2352E+11,3,1.64681E+12
6,9-30-2018,Facebook,4.7385E+11,Technology,United States,5,1.091E+12,7,5.2352E+11,3,1.64681E+12
4,9-30-2018,Alphabet,8.3974E+11,Technology,United States,4,1.091E+12,7,5.2352E+11,3,1.64681E+12
3,9-30-2018,Microsoft,8.774E+11,Technology,United States,3,1.091E+12,7,5.2352E+11,3,1.64681E+12
2,9-30-2018,Amazon,9.7665E+11,Technology,United States,2,1.091E+12,7,5.2352E+11,3,1.64681E+12
1,9-30-2018,Apple,1.091E+12,Technology,United States,1,1.091E+12,7,5.2352E+11,3,1.64681E+12
10,9-30-2018,Johnson & Johnson,3.7065E+11,Healthcare,United States,3,1.091E+12,7,5.2352E+11,3,1.64681E+12
9,9-30-2018,JPMorgan Chase,3.7944E+11,Financial,United States,2,1.091E+12,7,5.2352E+11,3,1.64681E+12
5,9-30-2018,Berkshire Hathaway,5.2352E+11,Financial,United States,1,1.091E+12,7,5.2352E+11,3,1.64681E+12
7,6-30-2018,Alibaba,4.7604E+11,Technology,China,7,9.0984E+11,7,4.6398E+11,3,1.4013E+12
6,6-30-2018,Tencent,4.7858E+11,Technology,China,6,9.0984E+11,7,4.6398E+11,3,1.4013E+12
5,6-30-2018,Facebook,5.6248E+11,Technology,United States,5,9.0984E+11,7,4.6398E+11,3,1.4013E+12
4,6-30-2018,Microsoft,7.5764E+11,Technology,United States,4,9.0984E+11,7,4.6398E+11,3,1.4013E+12
3,6-30-2018,Alphabet,7.7484E+11,Technology,United States,3,9.0984E+11,7,4.6398E+11,3,1.4013E+12
2,6-30-2018,Amazon,8.2479E+11,Technology,United States,2,9.0984E+11,7,4.6398E+11,3,1.4013E+12
1,6-30-2018,Apple,9.0984E+11,Technology,United States,1,9.0984E+11,7,4.6398E+11,3,1.4013E+12
10,6-30-2018,Exxon Mobil,3.5027E+11,Oil & Gas,United States,3,9.0984E+11,7,4.6398E+11,3,1.4013E+12
9,6-30-2018,JPMorgan Chase,3.5478E+11,Financial,United States,2,9.0984E+11,7,4.6398E+11,3,1.4013E+12
8,6-30-2018,Berkshire Hathaway,4.6398E+11,Financial,United States,1,9.0984E+11,7,4.6398E+11,3,1.4013E+12
8,3-31-2018,Facebook,4.64189E+11,Technology,United States,7,8.51317E+11,7,4.92019E+11,3,1.3702E+12
7,3-31-2018,Alibaba,4.7093E+11,Technology,China,6,8.51317E+11,7,4.92019E+11,3,1.3702E+12
5,3-31-2018,Tencent,5.0799E+11,Technology,China,5,8.51317E+11,7,4.92019E+11,3,1.3702E+12
4,3-31-2018,Amazon,7.00672E+11,Technology,United States,4,8.51317E+11,7,4.92019E+11,3,1.3702E+12
3,3-31-2018,Microsoft,7.0276E+11,Technology,United States,3,8.51317E+11,7,4.92019E+11,3,1.3702E+12
2,3-31-2018,Alphabet,7.15404E+11,Technology,United States,2,8.51317E+11,7,4.92019E+11,3,1.3702E+12
1,3-31-2018,Apple,8.51317E+11,Technology,United States,1,8.51317E+11,7,4.92019E+11,3,1.3702E+12
10,3-31-2018,Johnson & Johnson,3.4378E+11,Healthcare,United States,3,8.51317E+11,7,4.92019E+11,3,1.3702E+12
9,3-31-2018,JPMorgan Chase,3.7741E+11,Financial,United States,2,8.51317E+11,7,4.92019E+11,3,1.3702E+12
6,3-31-2018,Berkshire Hathaway,4.92019E+11,Financial,United States,1,8.51317E+11,7,4.92019E+11,3,1.3702E+12
8,12-31-2017,Alibaba,4.40712E+11,Technology,China,7,8.6888E+11,7,4.8949E+11,3,1.38554E+12
6,12-31-2017,Tencent,4.9334E+11,Technology,China,6,8.6888E+11,7,4.8949E+11,3,1.38554E+12
5,12-31-2017,Facebook,5.1276E+11,Technology,United States,5,8.6888E+11,7,4.8949E+11,3,1.38554E+12
4,12-31-2017,Amazon,5.6354E+11,Technology,United States,4,8.6888E+11,7,4.8949E+11,3,1.38554E+12
3,12-31-2017,Microsoft,6.5991E+11,Technology,United States,3,8.6888E+11,7,4.8949E+11,3,1.38554E+12
2,12-31-2017,Alphabet,7.2704E+11,Technology,United States,2,8.6888E+11,7,4.8949E+11,3,1.38554E+12
1,12-31-2017,Apple,8.6888E+11,Technology,United States,1,8.6888E+11,7,4.8949E+11,3,1.38554E+12
10,12-31-2017,JPMorgan Chase,3.7105E+11,Financial,United States,3,8.6888E+11,7,4.8949E+11,3,1.38554E+12
9,12-31-2017,Johnson & Johnson,3.7536E+11,Healthcare,United States,2,8.6888E+11,7,4.8949E+11,3,1.38554E+12
7,12-31-2017,Berkshire Hathaway,4.8949E+11,Financial,United States,1,8.6888E+11,7,4.8949E+11,3,1.38554E+12
8,9-30-2017,Facebook,3.99946E+11,Technology,United States,7,7.91726E+11,7,4.5184E+11,3,1.26844E+12
7,9-30-2017,Tencent,4.05007E+11,Technology,China,6,7.91726E+11,7,4.5184E+11,3,1.26844E+12
6,9-30-2017,Alibaba,4.3685E+11,Technology,China,5,7.91726E+11,7,4.5184E+11,3,1.26844E+12
4,9-30-2017,Amazon,4.59435E+11,Technology,United States,4,7.91726E+11,7,4.5184E+11,3,1.26844E+12
3,9-30-2017,Microsoft,5.68965E+11,Technology,United States,3,7.91726E+11,7,4.5184E+11,3,1.26844E+12
2,9-30-2017,Alphabet,6.6455E+11,Technology,United States,2,7.91726E+11,7,4.5184E+11,3,1.26844E+12
1,9-30-2017,Apple,7.91726E+11,Technology,United States,1,7.91726E+11,7,4.5184E+11,3,1.26844E+12
10,9-30-2017,Johnson & Johnson,3.47497E+11,Healthcare,United States,3,7.91726E+11,7,4.5184E+11,3,1.26844E+12
9,9-30-2017,Exxon Mobil,3.48248E+11,Oil & Gas,United States,2,7.91726E+11,7,4.5184E+11,3,1.26844E+12
5,9-30-2017,Berkshire Hathaway,4.5184E+11,Financial,United States,1,7.91726E+11,7,4.5184E+11,3,1.26844E+12
9,6-30-2017,Tencent,3.44879E+11,Technology,China,7,7.49124E+11,7,4.1888E+11,3,1.19136E+12
8,6-30-2017,Alibaba,3.5639E+11,Technology,China,6,7.49124E+11,7,4.1888E+11,3,1.19136E+12
7,6-30-2017,Facebook,3.57176E+11,Technology,United States,5,7.49124E+11,7,4.1888E+11,3,1.19136E+12
4,6-30-2017,Amazon,4.66471E+11,Technology,United States,4,7.49124E+11,7,4.1888E+11,3,1.19136E+12
3,6-30-2017,Microsoft,5.28778E+11,Technology,United States,3,7.49124E+11,7,4.1888E+11,3,1.19136E+12
2,6-30-2017,Alphabet,6.2861E+11,Technology,United States,2,7.49124E+11,7,4.1888E+11,3,1.19136E+12
1,6-30-2017,Apple,7.49124E+11,Technology,United States,1,7.49124E+11,7,4.1888E+11,3,1.19136E+12
10,6-30-2017,Exxon Mobil,3.41947E+11,Oil & Gas,United States,3,7.49124E+11,7,4.1888E+11,3,1.19136E+12
6,6-30-2017,Johnson & Johnson,3.5731E+11,Healthcare,United States,2,7.49124E+11,7,4.1888E+11,3,1.19136E+12
5,6-30-2017,Berkshire Hathaway,4.1888E+11,Financial,United States,1,7.49124E+11,7,4.1888E+11,3,1.19136E+12
8,3-31-2017,Facebook,3.34552E+11,Technology,United States,5,7.53718E+11,5,4.1088E+11,5,1.18789E+12
4,3-31-2017,Amazon,4.23031E+11,Technology,United States,4,7.53718E+11,5,4.1088E+11,5,1.18789E+12
3,3-31-2017,Microsoft,5.08935E+11,Technology,United States,3,7.53718E+11,5,4.1088E+11,5,1.18789E+12
2,3-31-2017,Alphabet,5.7357E+11,Technology,United States,2,7.53718E+11,5,4.1088E+11,5,1.18789E+12
1,3-31-2017,Apple,7.53718E+11,Technology,United States,1,7.53718E+11,5,4.1088E+11,5,1.18789E+12
10,3-31-2017,Wells Fargo,2.78516E+11,Financial,United States,5,7.53718E+11,5,4.1088E+11,5,1.18789E+12
9,3-31-2017,JPMorgan Chase,3.13761E+11,Financial,United States,4,7.53718E+11,5,4.1088E+11,5,1.18789E+12
7,3-31-2017,Johnson & Johnson,3.37947E+11,Healthcare,United States,3,7.53718E+11,5,4.1088E+11,5,1.18789E+12
6,3-31-2017,Exxon Mobil,3.39897E+11,Oil & Gas,United States,2,7.53718E+11,5,4.1088E+11,5,1.18789E+12
5,3-31-2017,Berkshire Hathaway,4.1088E+11,Financial,United States,1,7.53718E+11,5,4.1088E+11,5,1.18789E+12
6,12-31-2016,Amazon,3.56313E+11,Technology,United States,4,6.17588E+11,4,4.0439E+11,6,1.04242E+12
3,12-31-2016,Microsoft,4.8316E+11,Technology,United States,3,6.17588E+11,4,4.0439E+11,6,1.04242E+12
2,12-31-2016,Alphabet,5.3197E+11,Technology,United States,2,6.17588E+11,4,4.0439E+11,6,1.04242E+12
1,12-31-2016,Apple,6.17588E+11,Technology,United States,1,6.17588E+11,4,4.0439E+11,6,1.04242E+12
10,12-31-2016,Wells Fargo,2.76779E+11,Financial,United States,6,6.17588E+11,4,4.0439E+11,6,1.04242E+12
9,12-31-2016,General Electric,2.79546E+11,Diverse,United States,5,6.17588E+11,4,4.0439E+11,6,1.04242E+12
8,12-31-2016,JPMorgan Chase,3.08768E+11,Financial,United States,4,6.17588E+11,4,4.0439E+11,6,1.04242E+12
7,12-31-2016,Johnson & Johnson,3.13432E+11,Healthcare,United States,3,6.17588E+11,4,4.0439E+11,6,1.04242E+12
5,12-31-2016,Exxon Mobil,3.7428E+11,Oil & Gas,United States,2,6.17588E+11,4,4.0439E+11,6,1.04242E+12
4,12-31-2016,Berkshire Hathaway,4.0439E+11,Financial,United States,1,6.17588E+11,4,4.0439E+11,6,1.04242E+12
9,9-30-2016,Tencent,2.65603E+11,Technology,China,6,6.04475E+11,6,3.58519E+11,4,9.82254E+11
8,9-30-2016,Facebook,2.97548E+11,Technology,United States,5,6.04475E+11,6,3.58519E+11,4,9.82254E+11
4,9-30-2016,Amazon,3.9303E+11,Technology,United States,4,6.04475E+11,6,3.58519E+11,4,9.82254E+11
3,9-30-2016,Microsoft,4.4729E+11,Technology,United States,3,6.04475E+11,6,3.58519E+11,4,9.82254E+11
2,9-30-2016,Alphabet,5.3566E+11,Technology,United States,2,6.04475E+11,6,3.58519E+11,4,9.82254E+11
1,9-30-2016,Apple,6.04475E+11,Technology,United States,1,6.04475E+11,6,3.58519E+11,4,9.82254E+11
10,9-30-2016,General Electric,2.61876E+11,Diverse,United States,4,6.04475E+11,6,3.58519E+11,4,9.82254E+11
7,9-30-2016,Johnson & Johnson,3.20836E+11,Healthcare,United States,3,6.04475E+11,6,3.58519E+11,4,9.82254E+11
6,9-30-2016,Berkshire Hathaway,3.583E+11,Financial,United States,2,6.04475E+11,6,3.58519E+11,4,9.82254E+11
5,9-30-2016,Exxon Mobil,3.58519E+11,Oil & Gas,United States,1,6.04475E+11,6,3.58519E+11,4,9.82254E+11
9,6-30-2016,Facebook,2.6393E+11,Technology,United States,5,5.17069E+11,5,3.83396E+11,5,9.18474E+11
6,6-30-2016,Amazon,3.37641E+11,Technology,United States,4,5.17069E+11,5,3.83396E+11,5,9.18474E+11
3,6-30-2016,Microsoft,3.97268E+11,Technology,United States,3,5.17069E+11,5,3.83396E+11,5,9.18474E+11
2,6-30-2016,Alphabet,4.7532E+11,Technology,United States,2,5.17069E+11,5,3.83396E+11,5,9.18474E+11
1,6-30-2016,Apple,5.17069E+11,Technology,United States,1,5.17069E+11,5,3.83396E+11,5,9.18474E+11
10,6-30-2016,AT&T,2.61035E+11,Telecommunications,United States,5,5.17069E+11,5,3.83396E+11,5,9.18474E+11
8,6-30-2016,General Electric,2.80927E+11,Diverse,United States,4,5.17069E+11,5,3.83396E+11,5,9.18474E+11
7,6-30-2016,Johnson & Johnson,3.28234E+11,Healthcare,United States,3,5.17069E+11,5,3.83396E+11,5,9.18474E+11
5,6-30-2016,Berkshire Hathaway,3.4586E+11,Financial,United States,2,5.17069E+11,5,3.83396E+11,5,9.18474E+11
4,6-30-2016,Exxon Mobil,3.83396E+11,Oil & Gas,United States,1,5.17069E+11,5,3.83396E+11,5,9.18474E+11
9,3-31-2016,Facebook,2.59192E+11,Technology,United States,5,6.07465E+11,5,3.50991E+11,5,9.77625E+11
8,3-31-2016,Amazon,2.81888E+11,Technology,United States,4,6.07465E+11,5,3.50991E+11,5,9.77625E+11
3,3-31-2016,Microsoft,4.39734E+11,Technology,United States,3,6.07465E+11,5,3.50991E+11,5,9.77625E+11
2,3-31-2016,Alphabet,5.3566E+11,Technology,United States,2,6.07465E+11,5,3.50991E+11,5,9.77625E+11
1,3-31-2016,Apple,6.07465E+11,Technology,United States,1,6.07465E+11,5,3.50991E+11,5,9.77625E+11
10,3-31-2016,Wells Fargo,2.46035E+11,Financial,United States,5,6.07465E+11,5,3.50991E+11,5,9.77625E+11
7,3-31-2016,General Electric,2.95546E+11,Diverse,United States,4,6.07465E+11,5,3.50991E+11,5,9.77625E+11
6,3-31-2016,Johnson & Johnson,3.00604E+11,Healthcare,United States,3,6.07465E+11,5,3.50991E+11,5,9.77625E+11
5,3-31-2016,Berkshire Hathaway,3.4974E+11,Financial,United States,2,6.07465E+11,5,3.50991E+11,5,9.77625E+11
4,3-31-2016,Exxon Mobil,3.50991E+11,Oil & Gas,United States,1,6.07465E+11,5,3.50991E+11,5,9.77625E+11
6,12-31-2015,Amazon,3.23009E+11,Technology,United States,4,5.98344E+11,4,3.25167E+11,6,9.41981E+11
3,12-31-2015,Microsoft,4.49799E+11,Technology,United States,3,5.98344E+11,4,3.25167E+11,6,9.41981E+11
2,12-31-2015,Alphabet,5.3409E+11,Technology,United States,2,5.98344E+11,4,3.25167E+11,6,9.41981E+11
1,12-31-2015,Apple,5.98344E+11,Technology,United States,1,5.98344E+11,4,3.25167E+11,6,9.41981E+11
10,12-31-2015,JPMorgan Chase,2.45126E+11,Financial,United States,6,5.98344E+11,4,3.25167E+11,6,9.41981E+11
9,12-31-2015,Wells Fargo,2.8177E+11,Financial,United States,5,5.98344E+11,4,3.25167E+11,6,9.41981E+11
8,12-31-2015,Johnson & Johnson,2.87153E+11,Healthcare,United States,4,5.98344E+11,4,3.25167E+11,6,9.41981E+11
7,12-31-2015,General Electric,3.13892E+11,Diverse,United States,3,5.98344E+11,4,3.25167E+11,6,9.41981E+11
5,12-31-2015,Exxon Mobil,3.25167E+11,Oil & Gas,United States,1,5.98344E+11,4,3.25167E+11,6,9.41981E+11
4,12-31-2015,Berkshire Hathaway,3.2375E+11,Financial,United States,2,5.98344E+11,4,3.25167E+11,6,9.41981E+11
3,9-30-2015,Microsoft,3.47432E+11,Technology,United States,3,6.21939E+11,3,3.1818E+11,7,9.58921E+11
2,9-30-2015,Google,4.0787E+11,Technology,United States,2,6.21939E+11,3,3.1818E+11,7,9.58921E+11
1,9-30-2015,Apple,6.21939E+11,Technology,United States,1,6.21939E+11,3,3.1818E+11,7,9.58921E+11
10,9-30-2015,Nestlé,2.33361E+11,Food,Switzerland,7,6.21939E+11,3,3.1818E+11,7,9.58921E+11
9,9-30-2015,Novartis,2.40373E+11,Healthcare,Switzerland,6,6.21939E+11,3,3.1818E+11,7,9.58921E+11
8,9-30-2015,China Mobile,2.43186E+11,Telecommunications,China,5,6.21939E+11,3,3.1818E+11,7,9.58921E+11
7,9-30-2015,General Electric,2.48069E+11,Diverse,United States,4,6.21939E+11,3,3.1818E+11,7,9.58921E+11
6,9-30-2015,Johnson & Johnson,2.57637E+11,Healthcare,United States,3,6.21939E+11,3,3.1818E+11,7,9.58921E+11
5,9-30-2015,Exxon Mobil,3.04245E+11,Oil & Gas,United States,2,6.21939E+11,3,3.1818E+11,7,9.58921E+11
4,9-30-2015,Berkshire Hathaway,3.1818E+11,Financial,United States,1,6.21939E+11,3,3.1818E+11,7,9.58921E+11
4,6-30-2015,Google,3.36015E+11,Technology,United States,3,7.22577E+11,3,3.47868E+11,7,1.09185E+12
2,6-30-2015,Microsoft,3.57154E+11,Technology,United States,2,7.22577E+11,3,3.47868E+11,7,1.09185E+12
1,6-30-2015,Apple,7.22577E+11,Technology,United States,1,7.22577E+11,3,3.47868E+11,7,1.09185E+12
10,6-30-2015,General Electric,2.67717E+11,Diverse,United States,7,7.22577E+11,3,3.47868E+11,7,1.09185E+12
9,6-30-2015,Johnson & Johnson,2.70261E+11,Healthcare,United States,6,7.22577E+11,3,3.47868E+11,7,1.09185E+12
8,6-30-2015,Wells Fargo,2.89591E+11,Financial,United States,5,7.22577E+11,3,3.47868E+11,7,1.09185E+12
7,6-30-2015,IC Bank of China,2.98532E+11,Financial,China,4,7.22577E+11,3,3.47868E+11,7,1.09185E+12
6,6-30-2015,PetroChina,3.19392E+11,Oil & Gas,China,3,7.22577E+11,3,3.47868E+11,7,1.09185E+12
5,6-30-2015,Berkshire Hathaway,3.36015E+11,Financial,United States,2,7.22577E+11,3,3.47868E+11,7,1.09185E+12
3,6-30-2015,Exxon Mobil,3.47868E+11,Oil & Gas,United States,1,7.22577E+11,3,3.47868E+11,7,1.09185E+12
5,3-31-2015,Microsoft,3.33525E+11,Technology,United States,3,7.24773E+11,3,3.56549E+11,7,1.10295E+12
4,3-31-2015,Google,3.45849E+11,Technology,United States,2,7.24773E+11,3,3.56549E+11,7,1.10295E+12
1,3-31-2015,Apple,7.24773E+11,Technology,United States,1,7.24773E+11,3,3.56549E+11,7,1.10295E+12
10,3-31-2015,Novartis,2.67897E+11,Healthcare,Switzerland,7,7.24773E+11,3,3.56549E+11,7,1.10295E+12
9,3-31-2015,IC Bank of China,2.75389E+11,Financial,China,6,7.24773E+11,3,3.56549E+11,7,1.10295E+12
8,3-31-2015,Johnson & Johnson,2.79724E+11,Healthcare,United States,5,7.24773E+11,3,3.56549E+11,7,1.10295E+12
7,3-31-2015,Wells Fargo,2.7992E+11,Financial,United States,4,7.24773E+11,3,3.56549E+11,7,1.10295E+12
6,3-31-2015,PetroChina,3.29715E+11,Oil & Gas,China,3,7.24773E+11,3,3.56549E+11,7,1.10295E+12
3,3-31-2015,Berkshire Hathaway,3.56511E+11,Financial,United States,2,7.24773E+11,3,3.56549E+11,7,1.10295E+12
2,3-31-2015,Exxon Mobil,3.56549E+11,Oil & Gas,United States,1,7.24773E+11,3,3.56549E+11,7,1.10295E+12
5,12-31-2014,Google,3.29769E+11,Technology,United States,3,6.47361E+11,3,3.91482E+11,7,1.05962E+12
3,12-31-2014,Microsoft,3.8288E+11,Technology,United States,2,6.47361E+11,3,3.91482E+11,7,1.05962E+12
1,12-31-2014,Apple,6.47361E+11,Technology,United States,1,6.47361E+11,3,3.91482E+11,7,1.05962E+12
10,12-31-2014,IC Bank of China,2.71146E+11,Financial,China,7,6.47361E+11,3,3.91482E+11,7,1.05962E+12
9,12-31-2014,Wal-Mart,2.76807E+11,Retail,United States,6,6.47361E+11,3,3.91482E+11,7,1.05962E+12
8,12-31-2014,Wells Fargo,2.84386E+11,Financial,United States,5,6.47361E+11,3,3.91482E+11,7,1.05962E+12
7,12-31-2014,Johnson & Johnson,2.92703E+11,Healthcare,United States,4,6.47361E+11,3,3.91482E+11,7,1.05962E+12
6,12-31-2014,PetroChina,3.05536E+11,Oil & Gas,China,3,6.47361E+11,3,3.91482E+11,7,1.05962E+12
4,12-31-2014,Berkshire Hathaway,3.70653E+11,Financial,United States,2,6.47361E+11,3,3.91482E+11,7,1.05962E+12
2,12-31-2014,Exxon Mobil,3.91482E+11,Oil & Gas,United States,1,6.47361E+11,3,3.91482E+11,7,1.05962E+12
4,9-30-2014,Google,3.61998E+11,Technology,United States,3,6.03277E+11,3,4.01094E+11,7,1.02446E+12
3,9-30-2014,Microsoft,3.8196E+11,Technology,United States,2,6.03277E+11,3,4.01094E+11,7,1.02446E+12
1,9-30-2014,Apple,6.03277E+11,Technology,United States,1,6.03277E+11,3,4.01094E+11,7,1.02446E+12
10,9-30-2014,Hoffmann-La Roche,2.54544E+11,Healthcare,Switzerland,7,6.03277E+11,3,4.01094E+11,7,1.02446E+12
9,9-30-2014,Novartis,2.55326E+11,Healthcare,Switzerland,6,6.03277E+11,3,4.01094E+11,7,1.02446E+12
8,9-30-2014,General Electric,2.57068E+11,Diverse,United States,5,6.03277E+11,3,4.01094E+11,7,1.02446E+12
7,9-30-2014,Wells Fargo,2.70782E+11,Financial,United States,4,6.03277E+11,3,4.01094E+11,7,1.02446E+12
6,9-30-2014,Johnson & Johnson,3.00614E+11,Healthcare,United States,3,6.03277E+11,3,4.01094E+11,7,1.02446E+12
5,9-30-2014,Berkshire Hathaway,3.40055E+11,Financial,United States,2,6.03277E+11,3,4.01094E+11,7,1.02446E+12
2,9-30-2014,Exxon Mobil,4.01094E+11,Oil & Gas,United States,1,6.03277E+11,3,4.01094E+11,7,1.02446E+12
4,6-30-2014,Microsoft,3.44459E+11,Technology,United States,3,5.60337E+11,3,4.32357E+11,7,1.01255E+12
3,6-30-2014,Google,3.58347E+11,Technology,United States,2,5.60337E+11,3,4.32357E+11,7,1.01255E+12
1,6-30-2014,Apple,5.60337E+11,Technology,United States,1,5.60337E+11,3,4.32357E+11,7,1.01255E+12
10,6-30-2014,Hoffmann-La Roche,2.56323E+11,Healthcare,Switzerland,7,5.60337E+11,3,4.32357E+11,7,1.01255E+12
9,6-30-2014,General Electric,2.6353E+11,Diverse,United States,6,5.60337E+11,3,4.32357E+11,7,1.01255E+12
8,6-30-2014,Royal Dutch Shell,2.69563E+11,Oil & Gas,UK-Netherlands,5,5.60337E+11,3,4.32357E+11,7,1.01255E+12
7,6-30-2014,Wells Fargo,2.76837E+11,Financial,United States,4,5.60337E+11,3,4.32357E+11,7,1.01255E+12
6,6-30-2014,Johnson & Johnson,2.9598E+11,Healthcare,United States,3,5.60337E+11,3,4.32357E+11,7,1.01255E+12
5,6-30-2014,Berkshire Hathaway,3.12217E+11,Financial,United States,2,5.60337E+11,3,4.32357E+11,7,1.01255E+12
2,6-30-2014,Exxon Mobil,4.32357E+11,Oil & Gas,United States,1,5.60337E+11,3,4.32357E+11,7,1.01255E+12
4,3-31-2014,Google,3.13004E+11,Technology,United States,3,4.78766E+11,3,4.22098E+11,7,9.18882E+11
3,3-31-2014,Microsoft,3.40217E+11,Technology,United States,2,4.78766E+11,3,4.22098E+11,7,9.18882E+11
1,3-31-2014,Apple,4.78766E+11,Technology,United States,1,4.78766E+11,3,4.22098E+11,7,9.18882E+11
10,3-31-2014,Wal-Mart,2.46806E+11,Retail,United States,7,4.78766E+11,3,4.22098E+11,7,9.18882E+11
9,3-31-2014,Hoffmann-La Roche,2.58542E+11,Healthcare,Switzerland,6,4.78766E+11,3,4.22098E+11,7,9.18882E+11
8,3-31-2014,General Electric,2.59547E+11,Diverse,United States,5,4.78766E+11,3,4.22098E+11,7,9.18882E+11
7,3-31-2014,Wells Fargo,2.61218E+11,Financial,United States,4,4.78766E+11,3,4.22098E+11,7,9.18882E+11
6,3-31-2014,Johnson & Johnson,2.77826E+11,Healthcare,United States,3,4.78766E+11,3,4.22098E+11,7,9.18882E+11
5,3-31-2014,Berkshire Hathaway,3.08091E+11,Financial,United States,2,4.78766E+11,3,4.22098E+11,7,9.18882E+11
2,3-31-2014,Exxon Mobil,4.22098E+11,Oil & Gas,United States,1,4.78766E+11,3,4.22098E+11,7,9.18882E+11
4,12-31-2013,Google,3.10079E+11,Technology,United States,3,5.04771E+11,3,4.42143E+11,7,9.65852E+11
3,12-31-2013,Microsoft,3.12297E+11,Technology,United States,2,5.04771E+11,3,4.42143E+11,7,9.65852E+11
1,12-31-2013,Apple,5.04771E+11,Technology,United States,1,5.04771E+11,3,4.42143E+11,7,9.65852E+11
10,12-31-2013,Chevron,2.40223E+11,Oil & Gas,United States,7,5.04771E+11,3,4.42143E+11,7,9.65852E+11
9,12-31-2013,Hoffmann-La Roche,2.41368E+11,Healthcare,Switzerland,6,5.04771E+11,3,4.42143E+11,7,9.65852E+11
8,12-31-2013,Wal-Mart,2.54623E+11,Retail,United States,5,5.04771E+11,3,4.42143E+11,7,9.65852E+11
7,12-31-2013,Johnson & Johnson,2.58415E+11,Healthcare,United States,4,5.04771E+11,3,4.42143E+11,7,9.65852E+11
6,12-31-2013,General Electric,2.8359E+11,Diverse,United States,3,5.04771E+11,3,4.42143E+11,7,9.65852E+11
5,12-31-2013,Berkshire Hathaway,2.92396E+11,Financial,United States,2,5.04771E+11,3,4.42143E+11,7,9.65852E+11
2,12-31-2013,Exxon Mobil,4.42143E+11,Oil & Gas,United States,1,5.04771E+11,3,4.42143E+11,7,9.65852E+11
8,9-30-2013,Google,2.37479E+11,Technology,United States,3,4.331E+11,3,3.78716E+11,7,8.28052E+11
4,9-30-2013,Microsoft,2.77221E+11,Technology,United States,2,4.331E+11,3,3.78716E+11,7,8.28052E+11
1,9-30-2013,Apple,4.331E+11,Technology,United States,1,4.331E+11,3,3.78716E+11,7,8.28052E+11
10,9-30-2013,Hoffmann-La Roche,2.32495E+11,Healthcare,Switzerland,7,4.331E+11,3,3.78716E+11,7,8.28052E+11
9,9-30-2013,Chevron,2.34741E+11,Oil & Gas,United States,6,4.331E+11,3,3.78716E+11,7,8.28052E+11
7,9-30-2013,Wal-Mart,2.40773E+11,Retail,United States,5,4.331E+11,3,3.78716E+11,7,8.28052E+11
6,9-30-2013,General Electric,2.4329E+11,Diverse,United States,4,4.331E+11,3,3.78716E+11,7,8.28052E+11
5,9-30-2013,Johnson & Johnson,2.44299E+11,Healthcare,United States,3,4.331E+11,3,3.78716E+11,7,8.28052E+11
3,9-30-2013,Berkshire Hathaway,2.80002E+11,Financial,United States,2,4.331E+11,3,3.78716E+11,7,8.28052E+11
2,9-30-2013,Exxon Mobil,3.78716E+11,Oil & Gas,United States,1,4.331E+11,3,3.78716E+11,7,8.28052E+11
8,6-30-2013,Google,2.38689E+11,Technology,United States,3,3.72202E+11,3,4.0173E+11,7,7.89411E+11
3,6-30-2013,Microsoft,2.88489E+11,Technology,United States,2,3.72202E+11,3,4.0173E+11,7,7.89411E+11
2,6-30-2013,Apple,3.72202E+11,Technology,United States,1,3.72202E+11,3,4.0173E+11,7,7.89411E+11
10,6-30-2013,IC Bank of China,2.2688E+11,Financial,China,7,3.72202E+11,3,4.0173E+11,7,7.89411E+11
9,6-30-2013,Chevron,2.29403E+11,Oil & Gas,United States,6,3.72202E+11,3,4.0173E+11,7,7.89411E+11
7,6-30-2013,General Electric,2.39787E+11,Diverse,United States,5,3.72202E+11,3,4.0173E+11,7,7.89411E+11
6,6-30-2013,Johnson & Johnson,2.41171E+11,Healthcare,United States,4,3.72202E+11,3,4.0173E+11,7,7.89411E+11
5,6-30-2013,Wal-Mart,2.44079E+11,Retail,United States,3,3.72202E+11,3,4.0173E+11,7,7.89411E+11
4,6-30-2013,Berkshire Hathaway,2.76549E+11,Financial,United States,2,3.72202E+11,3,4.0173E+11,7,7.89411E+11
1,6-30-2013,Exxon Mobil,4.0173E+11,Oil & Gas,United States,1,3.72202E+11,3,4.0173E+11,7,7.89411E+11
8,3-31-2013,IBM,2.37725E+11,Technology,United States,3,4.15683E+11,3,4.03733E+11,7,8.35805E+11
7,3-31-2013,Microsoft,2.39602E+11,Technology,United States,2,4.15683E+11,3,4.03733E+11,7,8.35805E+11
1,3-31-2013,Apple,4.15683E+11,Technology,United States,1,4.15683E+11,3,4.03733E+11,7,8.35805E+11
10,3-31-2013,Chevron,2.30831E+11,Oil & Gas,United States,7,4.15683E+11,3,4.03733E+11,7,8.35805E+11
9,3-31-2013,Nestlé,2.33792E+11,Food,Switzerland,6,4.15683E+11,3,4.03733E+11,7,8.35805E+11
6,3-31-2013,General Electric,2.39776E+11,Diverse,United States,5,4.15683E+11,3,4.03733E+11,7,8.35805E+11
5,3-31-2013,Wal-Mart,2.46373E+11,Retail,United States,4,4.15683E+11,3,4.03733E+11,7,8.35805E+11
4,3-31-2013,PetroChina,2.54619E+11,Oil & Gas,China,3,4.15683E+11,3,4.03733E+11,7,8.35805E+11
3,3-31-2013,Berkshire Hathaway,2.56802E+11,Financial,United States,2,4.15683E+11,3,4.03733E+11,7,8.35805E+11
2,3-31-2013,Exxon Mobil,4.03733E+11,Oil & Gas,United States,1,4.15683E+11,3,4.03733E+11,7,8.35805E+11
9,12-31-2012,Microsoft,2.24801E+11,Technology,United States,3,5.00611E+11,3,3.94611E+11,7,9.13126E+11
1,12-31-2012,Apple,5.00611E+11,Technology,United States,1,5.00611E+11,3,3.94611E+11,7,9.13126E+11
8,12-31-2012,Samsung,2.27582E+11,Technology,South Korea,2,5.00611E+11,3,3.94611E+11,7,9.13126E+11
10,12-31-2012,Royal Dutch Shell,2.2267E+11,Oil & Gas,UK-Netherlands,7,5.00611E+11,3,3.94611E+11,7,9.13126E+11
7,12-31-2012,Wal-Mart,2.28245E+11,Retail,United States,6,5.00611E+11,3,3.94611E+11,7,9.13126E+11
6,12-31-2012,China Mobile,2.3404E+11,Telecommunications,China,5,5.00611E+11,3,3.94611E+11,7,9.13126E+11
5,12-31-2012,IC Bank of China,2.36458E+11,Financial,China,4,5.00611E+11,3,3.94611E+11,7,9.13126E+11
4,12-31-2012,BHP Billiton,2.47409E+11,Mineral,UK-Australia,3,5.00611E+11,3,3.94611E+11,7,9.13126E+11
3,12-31-2012,PetroChina,2.64833E+11,Oil & Gas,China,2,5.00611E+11,3,3.94611E+11,7,9.13126E+11
2,12-31-2012,Exxon Mobil,3.94611E+11,Oil & Gas,United States,1,5.00611E+11,3,3.94611E+11,7,9.13126E+11
7,9-30-2012,IBM,2.37068E+11,Technology,United States,3,6.25348E+11,3,4.22128E+11,7,1.06843E+12
4,9-30-2012,Microsoft,2.4949E+11,Technology,United States,2,6.25348E+11,3,4.22128E+11,7,1.06843E+12
1,9-30-2012,Apple,6.25348E+11,Technology,United States,1,6.25348E+11,3,4.22128E+11,7,1.06843E+12
10,9-30-2012,Royal Dutch Shell,2.2267E+11,Oil & Gas,UK-Netherlands,7,6.25348E+11,3,4.22128E+11,7,1.06843E+12
9,9-30-2012,China Mobile,2.22818E+11,Telecommunications,China,6,6.25348E+11,3,4.22128E+11,7,1.06843E+12
8,9-30-2012,Chevron,2.28707E+11,Oil & Gas,United States,5,6.25348E+11,3,4.22128E+11,7,1.06843E+12
6,9-30-2012,General Electric,2.39791E+11,Diverse,United States,4,6.25348E+11,3,4.22128E+11,7,1.06843E+12
5,9-30-2012,Wal-Mart,2.48074E+11,Retail,United States,3,6.25348E+11,3,4.22128E+11,7,1.06843E+12
3,9-30-2012,PetroChina,2.53853E+11,Oil & Gas,China,2,6.25348E+11,3,4.22128E+11,7,1.06843E+12
2,9-30-2012,Exxon Mobil,4.22128E+11,Oil & Gas,United States,1,6.25348E+11,3,4.22128E+11,7,1.06843E+12
6,6-30-2012,IBM,2.25599E+11,Technology,United States,3,5.46076E+11,3,4.00139E+11,7,9.6514E+11
4,6-30-2012,Microsoft,2.56982E+11,Technology,United States,2,5.46076E+11,3,4.00139E+11,7,9.6514E+11
1,6-30-2012,Apple,5.46076E+11,Technology,United States,1,5.46076E+11,3,4.00139E+11,7,9.6514E+11
10,6-30-2012,IC Bank of China,2.11196E+11,Financial,China,7,5.46076E+11,3,4.00139E+11,7,9.6514E+11
9,6-30-2012,Royal Dutch Shell,2.17048E+11,Oil & Gas,UK-Netherlands,6,5.46076E+11,3,4.00139E+11,7,9.6514E+11
8,6-30-2012,China Mobile,2.19481E+11,Telecommunications,China,5,5.46076E+11,3,4.00139E+11,7,9.6514E+11
7,6-30-2012,General Electric,2.20806E+11,Diverse,United States,4,5.46076E+11,3,4.00139E+11,7,9.6514E+11
5,6-30-2012,Wal-Mart,2.359E+11,Retail,United States,3,5.46076E+11,3,4.00139E+11,7,9.6514E+11
3,6-30-2012,PetroChina,2.57686E+11,Oil & Gas,China,2,5.46076E+11,3,4.00139E+11,7,9.6514E+11
2,6-30-2012,Exxon Mobil,4.00139E+11,Oil & Gas,United States,1,5.46076E+11,3,4.00139E+11,7,9.6514E+11
5,3-31-2012,IBM,2.41755E+11,Technology,United States,3,5.59002E+11,3,4.08777E+11,7,9.87135E+11
4,3-31-2012,Microsoft,2.70644E+11,Technology,United States,2,5.59002E+11,3,4.08777E+11,7,9.87135E+11
1,3-31-2012,Apple,5.59002E+11,Technology,United States,1,5.59002E+11,3,4.08777E+11,7,9.87135E+11
10,3-31-2012,Chevron,2.11951E+11,Oil & Gas,United States,7,5.59002E+11,3,4.08777E+11,7,9.87135E+11
9,3-31-2012,General Electric,2.12318E+11,Diverse,United States,6,5.59002E+11,3,4.08777E+11,7,9.87135E+11
8,3-31-2012,China Mobile,2.20979E+11,Telecommunications,China,5,5.59002E+11,3,4.08777E+11,7,9.87135E+11
7,3-31-2012,Royal Dutch Shell,2.22425E+11,Oil & Gas,UK-Netherlands,4,5.59002E+11,3,4.08777E+11,7,9.87135E+11
6,3-31-2012,IC Bank of China,2.36335E+11,Financial,China,3,5.59002E+11,3,4.08777E+11,7,9.87135E+11
3,3-31-2012,PetroChina,2.78968E+11,Oil & Gas,China,2,5.59002E+11,3,4.08777E+11,7,9.87135E+11
2,3-31-2012,Exxon Mobil,4.08777E+11,Oil & Gas,United States,1,5.59002E+11,3,4.08777E+11,7,9.87135E+11
7,12-31-2011,IBM,2.16724E+11,Technology,United States,3,3.76411E+11,3,4.06272E+11,7,7.98336E+11
6,12-31-2011,Microsoft,2.1838E+11,Technology,United States,2,3.76411E+11,3,4.06272E+11,7,7.98336E+11
2,12-31-2011,Apple,3.76411E+11,Technology,United States,1,3.76411E+11,3,4.06272E+11,7,7.98336E+11
10,12-31-2011,China Mobile,1.96148E+11,Telecommunications,China,7,3.76411E+11,3,4.06272E+11,7,7.98336E+11
9,12-31-2011,Wal-Mart,2.0466E+11,Retail,United States,6,3.76411E+11,3,4.06272E+11,7,7.98336E+11
8,12-31-2011,Chevron,2.11894E+11,Oil & Gas,United States,5,3.76411E+11,3,4.06272E+11,7,7.98336E+11
5,12-31-2011,IC Bank of China,2.28168E+11,Financial,China,4,3.76411E+11,3,4.06272E+11,7,7.98336E+11
4,12-31-2011,Royal Dutch Shell,2.36677E+11,Oil & Gas,UK-Netherlands,3,3.76411E+11,3,4.06272E+11,7,7.98336E+11
3,12-31-2011,PetroChina,2.76845E+11,Oil & Gas,China,2,3.76411E+11,3,4.06272E+11,7,7.98336E+11
1,12-31-2011,Exxon Mobil,4.06272E+11,Oil & Gas,United States,1,3.76411E+11,3,4.06272E+11,7,7.98336E+11
5,9-30-2011,Microsoft,2.08535E+11,Technology,United States,3,3.53518E+11,3,3.53135E+11,7,7.20786E+11
4,9-30-2011,IBM,2.08844E+11,Technology,United States,2,3.53518E+11,3,3.53135E+11,7,7.20786E+11
1,9-30-2011,Apple,3.53518E+11,Technology,United States,1,3.53518E+11,3,3.53135E+11,7,7.20786E+11
10,9-30-2011,Chevron,1.85456E+11,Oil & Gas,United States,7,3.53518E+11,3,3.53135E+11,7,7.20786E+11
9,9-30-2011,Nestlé,1.91116E+11,Food,Switzerland,6,3.53518E+11,3,3.53135E+11,7,7.20786E+11
8,9-30-2011,Royal Dutch Shell,1.97061E+11,Oil & Gas,UK-Netherlands,5,3.53518E+11,3,3.53135E+11,7,7.20786E+11
7,9-30-2011,China Mobile,1.98779E+11,Telecommunications,China,4,3.53518E+11,3,3.53135E+11,7,7.20786E+11
6,9-30-2011,IC Bank of China,2.06021E+11,Financial,China,3,3.53518E+11,3,3.53135E+11,7,7.20786E+11
3,9-30-2011,PetroChina,2.76474E+11,Oil & Gas,China,2,3.53518E+11,3,3.53135E+11,7,7.20786E+11
2,9-30-2011,Exxon Mobil,3.53135E+11,Oil & Gas,United States,1,3.53518E+11,3,3.53135E+11,7,7.20786E+11
10,6-30-2011,IBM,2.07781E+11,Technology,United States,3,3.10412E+11,3,4.00885E+11,7,7.25523E+11
7,6-30-2011,Microsoft,2.19252E+11,Technology,United States,2,3.10412E+11,3,4.00885E+11,7,7.25523E+11
2,6-30-2011,Apple,3.10412E+11,Technology,United States,1,3.10412E+11,3,4.00885E+11,7,7.25523E+11
9,6-30-2011,Petrobras,2.10111E+11,Oil & Gas,Brazil,7,3.10412E+11,3,4.00885E+11,7,7.25523E+11
8,6-30-2011,Nestlé,2.15018E+11,Food,Switzerland,6,3.10412E+11,3,4.00885E+11,7,7.25523E+11
6,6-30-2011,Royal Dutch Shell,2.25123E+11,Oil & Gas,UK-Netherlands,5,3.10412E+11,3,4.00885E+11,7,7.25523E+11
5,6-30-2011,BHP Billiton,2.33627E+11,Mineral,UK-Australia,4,3.10412E+11,3,4.00885E+11,7,7.25523E+11
4,6-30-2011,IC Bank of China,2.46851E+11,Financial,China,3,3.10412E+11,3,4.00885E+11,7,7.25523E+11
3,6-30-2011,PetroChina,3.0365E+11,Oil & Gas,China,2,3.10412E+11,3,4.00885E+11,7,7.25523E+11
1,6-30-2011,Exxon Mobil,4.00885E+11,Oil & Gas,United States,1,3.10412E+11,3,4.00885E+11,7,7.25523E+11
10,3-31-2011,Microsoft,2.13336E+11,Technology,United States,2,3.21072E+11,2,4.17167E+11,8,7.53004E+11
3,3-31-2011,Apple,3.21072E+11,Technology,United States,1,3.21072E+11,2,4.17167E+11,8,7.53004E+11
9,3-31-2011,Chevron,2.15781E+11,Oil & Gas,United States,8,3.21072E+11,2,4.17167E+11,8,7.53004E+11
8,3-31-2011,Royal Dutch Shell,2.26129E+11,Oil & Gas,UK-Netherlands,7,3.21072E+11,2,4.17167E+11,8,7.53004E+11
7,3-31-2011,China Construction Bank,2.32609E+11,Financial,China,6,3.21072E+11,2,4.17167E+11,8,7.53004E+11
6,3-31-2011,BHP Billiton,2.4708E+11,Mineral,UK-Australia,5,3.21072E+11,2,4.17167E+11,8,7.53004E+11
5,3-31-2011,Petrobras,2.47418E+11,Oil & Gas,Brazil,4,3.21072E+11,2,4.17167E+11,8,7.53004E+11
4,3-31-2011,IC Bank of China,2.51078E+11,Financial,China,3,3.21072E+11,2,4.17167E+11,8,7.53004E+11
2,3-31-2011,PetroChina,3.26199E+11,Oil & Gas,China,2,3.21072E+11,2,4.17167E+11,8,7.53004E+11
1,3-31-2011,Exxon Mobil,4.17167E+11,Oil & Gas,United States,1,3.21072E+11,2,4.17167E+11,8,7.53004E+11
5,12-31-2010,Microsoft,2.38785E+11,Technology,United States,2,2.95886E+11,2,3.68712E+11,8,6.7789E+11
3,12-31-2010,Apple,2.95886E+11,Technology,United States,1,2.95886E+11,2,3.68712E+11,8,6.7789E+11
10,12-31-2010,Nestlé,2.03534E+11,Food,Switzerland,8,2.95886E+11,2,3.68712E+11,8,6.7789E+11
9,12-31-2010,Royal Dutch Shell,2.08594E+11,Oil & Gas,UK-Netherlands,7,2.95886E+11,2,3.68712E+11,8,6.7789E+11
8,12-31-2010,China Construction Bank,2.22245E+11,Financial,China,6,2.95886E+11,2,3.68712E+11,8,6.7789E+11
7,12-31-2010,Petrobras,2.29067E+11,Oil & Gas,Brazil,5,2.95886E+11,2,3.68712E+11,8,6.7789E+11
6,12-31-2010,IC Bank of China,2.33369E+11,Financial,China,4,2.95886E+11,2,3.68712E+11,8,6.7789E+11
4,12-31-2010,BHP Billiton,2.4354E+11,Mineral,UK-Australia,3,2.95886E+11,2,3.68712E+11,8,6.7789E+11
2,12-31-2010,PetroChina,3.03274E+11,Oil & Gas,China,2,2.95886E+11,2,3.68712E+11,8,6.7789E+11
1,12-31-2010,Exxon Mobil,3.68712E+11,Oil & Gas,United States,1,2.95886E+11,2,3.68712E+11,8,6.7789E+11
6,9-30-2010,Microsoft,2.10676E+11,Technology,United States,2,2.59223E+11,2,3.14623E+11,8,5.85323E+11
3,9-30-2010,Apple,2.59223E+11,Technology,United States,1,2.59223E+11,2,3.14623E+11,8,5.85323E+11
10,9-30-2010,BHP Billiton,1.96866E+11,Mineral,UK-Australia,8,2.59223E+11,2,3.14623E+11,8,5.85323E+11
9,9-30-2010,China Construction Bank,2.02998E+11,Financial,China,7,2.59223E+11,2,3.14623E+11,8,5.85323E+11
8,9-30-2010,Berkshire Hathaway,2.04792E+11,Financial,United States,6,2.59223E+11,2,3.14623E+11,8,5.85323E+11
7,9-30-2010,China Mobile,2.0534E+11,Telecommunications,China,5,2.59223E+11,2,3.14623E+11,8,5.85323E+11
5,9-30-2010,IC Bank of China,2.13364E+11,Financial,China,4,2.59223E+11,2,3.14623E+11,8,5.85323E+11
4,9-30-2010,Petrobras,2.20617E+11,Oil & Gas,Brazil,3,2.59223E+11,2,3.14623E+11,8,5.85323E+11
2,9-30-2010,PetroChina,2.7089E+11,Oil & Gas,China,2,2.59223E+11,2,3.14623E+11,8,5.85323E+11
1,9-30-2010,Exxon Mobil,3.14623E+11,Oil & Gas,United States,1,2.59223E+11,2,3.14623E+11,8,5.85323E+11
5,6-30-2010,Microsoft,2.01656E+11,Technology,United States,2,2.28877E+11,2,2.91789E+11,8,5.31079E+11
3,6-30-2010,Apple,2.28877E+11,Technology,United States,1,2.28877E+11,2,2.91789E+11,8,5.31079E+11
10,6-30-2010,Procter & Gamble,1.72737E+11,Consumer Goods,United States,8,2.28877E+11,2,2.91789E+11,8,5.31079E+11
9,6-30-2010,Wal-Mart,1.78323E+11,Retail,United States,7,2.28877E+11,2,2.91789E+11,8,5.31079E+11
8,6-30-2010,China Construction Bank,1.89171E+11,Financial,China,6,2.28877E+11,2,2.91789E+11,8,5.31079E+11
7,6-30-2010,Berkshire Hathaway,1.97357E+11,Financial,United States,5,2.28877E+11,2,2.91789E+11,8,5.31079E+11
6,6-30-2010,China Mobile,2.01471E+11,Telecommunications,China,4,2.28877E+11,2,2.91789E+11,8,5.31079E+11
4,6-30-2010,IC Bank of China,2.11259E+11,Financial,China,3,2.28877E+11,2,2.91789E+11,8,5.31079E+11
2,6-30-2010,PetroChina,2.68505E+11,Oil & Gas,China,2,2.28877E+11,2,2.91789E+11,8,5.31079E+11
1,6-30-2010,Exxon Mobil,2.91789E+11,Oil & Gas,United States,1,2.28877E+11,2,2.91789E+11,8,5.31079E+11
5,3-31-2010,Apple,2.13097E+11,Technology,United States,2,2.56865E+11,2,3.2926E+11,8,5.97847E+11
3,3-31-2010,Microsoft,2.56865E+11,Technology,United States,1,2.56865E+11,2,3.2926E+11,8,5.97847E+11
10,3-31-2010,China Mobile,1.92999E+11,Telecommunications,China,8,2.56865E+11,2,3.2926E+11,8,5.97847E+11
9,3-31-2010,General Electric,1.94246E+11,Diverse,United States,7,2.56865E+11,2,3.2926E+11,8,5.97847E+11
8,3-31-2010,Berkshire Hathaway,2.00621E+11,Financial,United States,6,2.56865E+11,2,3.2926E+11,8,5.97847E+11
7,3-31-2010,Wal-Mart,2.09001E+11,Retail,United States,5,2.56865E+11,2,3.2926E+11,8,5.97847E+11
6,3-31-2010,BHP Billiton,2.09935E+11,Mineral,UK-Australia,4,2.56865E+11,2,3.2926E+11,8,5.97847E+11
4,3-31-2010,IC Bank of China,2.4642E+11,Financial,China,3,2.56865E+11,2,3.2926E+11,8,5.97847E+11
2,3-31-2010,Exxon Mobil,3.16231E+11,Oil & Gas,United States,2,2.56865E+11,2,3.2926E+11,8,5.97847E+11
1,3-31-2010,PetroChina,3.2926E+11,Oil & Gas,China,1,2.56865E+11,2,3.2926E+11,8,5.97847E+11
10,12-31-2009,Apple,1.89802E+11,Technology,United States,2,2.70635E+11,2,3.5314E+11,8,6.36251E+11
3,12-31-2009,Microsoft,2.70635E+11,Technology,United States,1,2.70635E+11,2,3.5314E+11,8,6.36251E+11
9,12-31-2009,Petrobras,1.99108E+11,Oil & Gas,Brazil,8,2.70635E+11,2,3.5314E+11,8,6.36251E+11
8,12-31-2009,HSBC,1.99255E+11,Financial,United Kingdom,7,2.70635E+11,2,3.5314E+11,8,6.36251E+11
7,12-31-2009,BHP Billiton,2.01248E+11,Mineral,UK-Australia,6,2.70635E+11,2,3.5314E+11,8,6.36251E+11
6,12-31-2009,China Construction Bank,2.01436E+11,Financial,China,5,2.70635E+11,2,3.5314E+11,8,6.36251E+11
5,12-31-2009,Wal-Mart,2.03654E+11,Retail,United States,4,2.70635E+11,2,3.5314E+11,8,6.36251E+11
4,12-31-2009,IC Bank of China,2.68956E+11,Financial,China,3,2.70635E+11,2,3.5314E+11,8,6.36251E+11
2,12-31-2009,Exxon Mobil,3.23717E+11,Oil & Gas,United States,2,2.70635E+11,2,3.5314E+11,8,6.36251E+11
1,12-31-2009,PetroChina,3.5314E+11,Oil & Gas,China,1,2.70635E+11,2,3.5314E+11,8,6.36251E+11
4,9-30-2009,Microsoft,2.29631E+11,Technology,United States,1,2.29631E+11,1,3.29725E+11,9,5.70543E+11
10,9-30-2009,Royal Dutch Shell,1.75986E+11,Oil & Gas,UK-Netherlands,9,2.29631E+11,1,3.29725E+11,9,5.70543E+11
9,9-30-2009,China Construction Bank,1.86817E+11,Financial,China,8,2.29631E+11,1,3.29725E+11,9,5.70543E+11
8,9-30-2009,Petrobras,1.89028E+11,Oil & Gas,Brazil,7,2.29631E+11,1,3.29725E+11,9,5.70543E+11
7,9-30-2009,Wal-Mart,1.89332E+11,Retail,United States,6,2.29631E+11,1,3.29725E+11,9,5.70543E+11
6,9-30-2009,China Mobile,1.9568E+11,Telecommunications,China,5,2.29631E+11,1,3.29725E+11,9,5.70543E+11
5,9-30-2009,HSBC,1.98561E+11,Financial,United Kingdom,4,2.29631E+11,1,3.29725E+11,9,5.70543E+11
3,9-30-2009,IC Bank of China,2.37952E+11,Financial,China,3,2.29631E+11,1,3.29725E+11,9,5.70543E+11
2,9-30-2009,PetroChina,3.25098E+11,Oil & Gas,China,2,2.29631E+11,1,3.29725E+11,9,5.70543E+11
1,9-30-2009,Exxon Mobil,3.29725E+11,Oil & Gas,United States,1,2.29631E+11,1,3.29725E+11,9,5.70543E+11
4,6-30-2009,Microsoft,2.11546E+11,Technology,United States,1,2.11546E+11,1,3.66663E+11,9,5.89773E+11
10,6-30-2009,Royal Dutch Shell,1.56387E+11,Oil & Gas,UK-Netherlands,9,2.11546E+11,1,3.66663E+11,9,5.89773E+11
9,6-30-2009,Johnson & Johnson,1.56516E+11,Healthcare,United States,8,2.11546E+11,1,3.66663E+11,9,5.89773E+11
8,6-30-2009,Petrobras,1.65057E+11,Oil & Gas,Brazil,7,2.11546E+11,1,3.66663E+11,9,5.89773E+11
7,6-30-2009,China Construction Bank,1.82187E+11,Financial,China,6,2.11546E+11,1,3.66663E+11,9,5.89773E+11
6,6-30-2009,Wal-Mart,1.88752E+11,Retail,United States,5,2.11546E+11,1,3.66663E+11,9,5.89773E+11
5,6-30-2009,China Mobile,2.00832E+11,Telecommunications,China,4,2.11546E+11,1,3.66663E+11,9,5.89773E+11
3,6-30-2009,IC Bank of China,2.57004E+11,Financial,China,3,2.11546E+11,1,3.66663E+11,9,5.89773E+11
2,6-30-2009,Exxon Mobil,3.4114E+11,Oil & Gas,United States,2,2.11546E+11,1,3.66663E+11,9,5.89773E+11
1,6-30-2009,PetroChina,3.66663E+11,Oil & Gas,China,1,2.11546E+11,1,3.66663E+11,9,5.89773E+11
6,3-31-2009,Microsoft,1.6332E+11,Technology,United States,1,1.6332E+11,1,3.36527E+11,9,5.09844E+11
10,3-31-2009,Procter & Gamble,1.38013E+11,Consumer Goods,United States,9,1.6332E+11,1,3.36527E+11,9,5.09844E+11
9,3-31-2009,Royal Dutch Shell,1.38999E+11,Oil & Gas,UK-Netherlands,8,1.6332E+11,1,3.36527E+11,9,5.09844E+11
8,3-31-2009,Johnson & Johnson,1.45481E+11,Healthcare,United States,7,1.6332E+11,1,3.36527E+11,9,5.09844E+11
7,3-31-2009,AT&T,1.48511E+11,Telecommunications,United States,6,1.6332E+11,1,3.36527E+11,9,5.09844E+11
5,3-31-2009,China Mobile,1.74673E+11,Telecommunications,China,5,1.6332E+11,1,3.36527E+11,9,5.09844E+11
4,3-31-2009,IC Bank of China,1.87885E+11,Financial,China,4,1.6332E+11,1,3.36527E+11,9,5.09844E+11
3,3-31-2009,Wal-Mart,2.04365E+11,Retail,United States,3,1.6332E+11,1,3.36527E+11,9,5.09844E+11
2,3-31-2009,PetroChina,2.87185E+11,Oil & Gas,China,2,1.6332E+11,1,3.36527E+11,9,5.09844E+11
1,3-31-2009,Exxon Mobil,3.36527E+11,Oil & Gas,United States,1,1.6332E+11,1,3.36527E+11,9,5.09844E+11
7,12-31-2008,Microsoft,1.72929E+11,Technology,United States,1,1.72929E+11,1,4.06067E+11,9,5.90576E+11
10,12-31-2008,General Electric,1.61278E+11,Diverse,United States,9,1.72929E+11,1,4.06067E+11,9,5.90576E+11
9,12-31-2008,Johnson & Johnson,1.66002E+11,Healthcare,United States,8,1.72929E+11,1,4.06067E+11,9,5.90576E+11
8,12-31-2008,AT&T,1.6795E+11,Telecommunications,United States,7,1.72929E+11,1,4.06067E+11,9,5.90576E+11
6,12-31-2008,IC Bank of China,1.7393E+11,Financial,China,6,1.72929E+11,1,4.06067E+11,9,5.90576E+11
5,12-31-2008,Procter & Gamble,1.84576E+11,Consumer Goods,United States,5,1.72929E+11,1,4.06067E+11,9,5.90576E+11
4,12-31-2008,China Mobile,2.01291E+11,Telecommunications,China,4,1.72929E+11,1,4.06067E+11,9,5.90576E+11
3,12-31-2008,Wal-Mart,2.19898E+11,Retail,United States,3,1.72929E+11,1,4.06067E+11,9,5.90576E+11
2,12-31-2008,PetroChina,2.59836E+11,Oil & Gas,China,2,1.72929E+11,1,4.06067E+11,9,5.90576E+11
1,12-31-2008,Exxon Mobil,4.06067E+11,Oil & Gas,United States,1,1.72929E+11,1,4.06067E+11,9,5.90576E+11
4,9-30-2008,Microsoft,2.29631E+11,Technology,United States,1,2.29631E+11,1,4.03366E+11,9,6.45657E+11
10,9-30-2008,Royal Dutch Shell,1.75986E+11,Oil & Gas,UK-Netherlands,9,2.29631E+11,1,4.03366E+11,9,6.45657E+11
9,9-30-2008,China Construction Bank,1.86817E+11,Financial,China,8,2.29631E+11,1,4.03366E+11,9,6.45657E+11
8,9-30-2008,Petrobras,1.89028E+11,Oil & Gas,Brazil,7,2.29631E+11,1,4.03366E+11,9,6.45657E+11
7,9-30-2008,Wal-Mart,1.89332E+11,Retail,United States,6,2.29631E+11,1,4.03366E+11,9,6.45657E+11
6,9-30-2008,China Mobile,1.9568E+11,Telecommunications,China,5,2.29631E+11,1,4.03366E+11,9,6.45657E+11
5,9-30-2008,HSBC,1.98561E+11,Financial,United Kingdom,4,2.29631E+11,1,4.03366E+11,9,6.45657E+11
3,9-30-2008,IC Bank of China,2.37952E+11,Financial,China,3,2.29631E+11,1,4.03366E+11,9,6.45657E+11
2,9-30-2008,PetroChina,3.25098E+11,Oil & Gas,China,2,2.29631E+11,1,4.03366E+11,9,6.45657E+11
1,9-30-2008,Exxon Mobil,4.03366E+11,Oil & Gas,United States,1,2.29631E+11,1,4.03366E+11,9,6.45657E+11
4,6-30-2008,Microsoft,2.11546E+11,Technology,United States,1,2.11546E+11,1,4.65652E+11,9,6.90742E+11
10,6-30-2008,Royal Dutch Shell,1.56387E+11,Oil & Gas,UK-Netherlands,9,2.11546E+11,1,4.65652E+11,9,6.90742E+11
9,6-30-2008,Johnson & Johnson,1.56516E+11,Healthcare,United States,8,2.11546E+11,1,4.65652E+11,9,6.90742E+11
8,6-30-2008,Petrobras,1.65057E+11,Oil & Gas,Brazil,7,2.11546E+11,1,4.65652E+11,9,6.90742E+11
7,6-30-2008,China Construction Bank,1.82187E+11,Financial,China,6,2.11546E+11,1,4.65652E+11,9,6.90742E+11
6,6-30-2008,Wal-Mart,1.88752E+11,Retail,United States,5,2.11546E+11,1,4.65652E+11,9,6.90742E+11
5,6-30-2008,China Mobile,2.00832E+11,Telecommunications,China,4,2.11546E+11,1,4.65652E+11,9,6.90742E+11
3,6-30-2008,IC Bank of China,2.57004E+11,Financial,China,3,2.11546E+11,1,4.65652E+11,9,6.90742E+11
2,6-30-2008,PetroChina,3.4114E+11,Oil & Gas,China,2,2.11546E+11,1,4.65652E+11,9,6.90742E+11
1,6-30-2008,Exxon Mobil,4.65652E+11,Oil & Gas,United States,1,2.11546E+11,1,4.65652E+11,9,6.90742E+11
7,3-31-2008,Microsoft,2.64132E+11,Technology,United States,1,2.64132E+11,1,4.52505E+11,9,7.3097E+11
10,3-31-2008,Procter & Gamble,2.1564E+11,Consumer Goods,United States,9,2.64132E+11,1,4.52505E+11,9,7.3097E+11
9,3-31-2008,Royal Dutch Shell,2.2011E+11,Oil & Gas,UK-Netherlands,8,2.64132E+11,1,4.52505E+11,9,7.3097E+11
8,3-31-2008,AT&T,2.31168E+11,Telecommunications,United States,7,2.64132E+11,1,4.52505E+11,9,7.3097E+11
6,3-31-2008,IC Bank of China,2.77236E+11,Financial,China,6,2.64132E+11,1,4.52505E+11,9,7.3097E+11
5,3-31-2008,China Mobile,2.98093E+11,Telecommunications,China,5,2.64132E+11,1,4.52505E+11,9,7.3097E+11
4,3-31-2008,Gazprom,2.99764E+11,Oil & Gas,Russia,4,2.64132E+11,1,4.52505E+11,9,7.3097E+11
3,3-31-2008,General Electric,3.69569E+11,Diverse,United States,3,2.64132E+11,1,4.52505E+11,9,7.3097E+11
2,3-31-2008,PetroChina,4.23996E+11,Oil & Gas,China,2,2.64132E+11,1,4.52505E+11,9,7.3097E+11
1,3-31-2008,Exxon Mobil,4.52505E+11,Oil & Gas,United States,1,2.64132E+11,1,4.52505E+11,9,7.3097E+11
6,12-31-2007,Microsoft,3.33054E+11,Technology,United States,1,3.33054E+11,1,7.23952E+11,9,1.07815E+12
10,12-31-2007,Sinopec,2.49645E+11,Oil & Gas,China,9,3.33054E+11,1,7.23952E+11,9,1.07815E+12
9,12-31-2007,AT&T,2.52051E+11,Telecommunications,United States,8,3.33054E+11,1,7.23952E+11,9,1.07815E+12
8,12-31-2007,Royal Dutch Shell,2.69544E+11,Oil & Gas,UK-Netherlands,7,3.33054E+11,1,7.23952E+11,9,1.07815E+12
7,12-31-2007,Gazprom,3.29591E+11,Oil & Gas,Russia,6,3.33054E+11,1,7.23952E+11,9,1.07815E+12
5,12-31-2007,IC Bank of China,3.38989E+11,Financial,China,5,3.33054E+11,1,7.23952E+11,9,1.07815E+12
4,12-31-2007,China Mobile,3.5412E+11,Telecommunications,China,4,3.33054E+11,1,7.23952E+11,9,1.07815E+12
3,12-31-2007,General Electric,3.74637E+11,Diverse,United States,3,3.33054E+11,1,7.23952E+11,9,1.07815E+12
2,12-31-2007,Exxon Mobil,5.11887E+11,Oil & Gas,United States,2,3.33054E+11,1,7.23952E+11,9,1.07815E+12
1,12-31-2007,PetroChina,7.23952E+11,Oil & Gas,China,1,3.33054E+11,1,7.23952E+11,9,1.07815E+12
5,9-30-2007,Microsoft,2.76202E+11,Technology,United States,1,2.76202E+11,1,5.13362E+11,9,8.05355E+11
10,9-30-2007,Bank of America,2.23066E+11,Financial,United States,9,2.76202E+11,1,5.13362E+11,9,8.05355E+11
9,9-30-2007,Citigroup,2.32162E+11,Financial,United States,8,2.76202E+11,1,5.13362E+11,9,8.05355E+11
8,9-30-2007,AT&T,2.58047E+11,Telecommunications,United States,7,2.76202E+11,1,5.13362E+11,9,8.05355E+11
7,9-30-2007,Gazprom,2.60249E+11,Oil & Gas,Russia,6,2.76202E+11,1,5.13362E+11,9,8.05355E+11
6,9-30-2007,Royal Dutch Shell,2.64397E+11,Oil & Gas,UK-Netherlands,5,2.76202E+11,1,5.13362E+11,9,8.05355E+11
4,9-30-2007,IC Bank of China,2.79269E+11,Financial,China,4,2.76202E+11,1,5.13362E+11,9,8.05355E+11
3,9-30-2007,China Mobile,3.27937E+11,Telecommunications,China,3,2.76202E+11,1,5.13362E+11,9,8.05355E+11
2,9-30-2007,General Electric,4.24191E+11,Diverse,United States,2,2.76202E+11,1,5.13362E+11,9,8.05355E+11
1,9-30-2007,Exxon Mobil,5.13362E+11,Oil & Gas,United States,1,2.76202E+11,1,5.13362E+11,9,8.05355E+11
3,6-30-2007,Microsoft,2.81934E+11,Technology,United States,1,2.81934E+11,1,4.72519E+11,9,7.69542E+11
10,6-30-2007,Bank of America,2.16963E+11,Financial,United States,9,2.81934E+11,1,4.72519E+11,9,7.69542E+11
9,6-30-2007,Toyota,2.28009E+11,Automotive,Japan,8,2.81934E+11,1,4.72519E+11,9,7.69542E+11
8,6-30-2007,BP,2.31491E+11,Oil & Gas,United Kingdom,7,2.81934E+11,1,4.72519E+11,9,7.69542E+11
7,6-30-2007,Gazprom,2.45757E+11,Oil & Gas,Russia,6,2.81934E+11,1,4.72519E+11,9,7.69542E+11
6,6-30-2007,Citigroup,2.53703E+11,Financial,United States,5,2.81934E+11,1,4.72519E+11,9,7.69542E+11
5,6-30-2007,AT&T,2.55871E+11,Telecommunications,United States,4,2.81934E+11,1,4.72519E+11,9,7.69542E+11
4,6-30-2007,Royal Dutch Shell,2.66141E+11,Oil & Gas,UK-Netherlands,3,2.81934E+11,1,4.72519E+11,9,7.69542E+11
2,6-30-2007,General Electric,3.93831E+11,Diverse,United States,2,2.81934E+11,1,4.72519E+11,9,7.69542E+11
1,6-30-2007,Exxon Mobil,4.72519E+11,Oil & Gas,United States,1,2.81934E+11,1,4.72519E+11,9,7.69542E+11
3,3-31-2007,Microsoft,2.72912E+11,Technology,United States,1,2.72912E+11,1,4.29567E+11,9,7.16529E+11
10,3-31-2007,Royal Dutch Shell,2.14018E+11,Oil & Gas,UK-Netherlands,9,2.72912E+11,1,4.29567E+11,9,7.16529E+11
9,3-31-2007,IC Bank of China,2.24788E+11,Financial,China,8,2.72912E+11,1,4.29567E+11,9,7.16529E+11
8,3-31-2007,Bank of America,2.28177E+11,Financial,United States,7,2.72912E+11,1,4.29567E+11,9,7.16529E+11
7,3-31-2007,Toyota,2.30832E+11,Automotive,Japan,6,2.72912E+11,1,4.29567E+11,9,7.16529E+11
6,3-31-2007,Gazprom,2.45911E+11,Oil & Gas,Russia,5,2.72912E+11,1,4.29567E+11,9,7.16529E+11
5,3-31-2007,AT&T,2.46206E+11,Telecommunications,United States,4,2.72912E+11,1,4.29567E+11,9,7.16529E+11
4,3-31-2007,Citigroup,2.52857E+11,Financial,United States,3,2.72912E+11,1,4.29567E+11,9,7.16529E+11
2,3-31-2007,General Electric,3.63611E+11,Diverse,United States,2,2.72912E+11,1,4.29567E+11,9,7.16529E+11
1,3-31-2007,Exxon Mobil,4.29567E+11,Oil & Gas,United States,1,2.72912E+11,1,4.29567E+11,9,7.16529E+11
3,12-31-2006,Microsoft,2.93537E+11,Technology,United States,1,2.93537E+11,1,4.46943E+11,9,7.5529E+11
10,12-31-2006,BP,2.18643E+11,Oil & Gas,United Kingdom,9,2.93537E+11,1,4.46943E+11,9,7.5529E+11
9,12-31-2006,Royal Dutch Shell,2.25781E+11,Oil & Gas,UK-Netherlands,8,2.93537E+11,1,4.46943E+11,9,7.5529E+11
8,12-31-2006,Bank of America,2.39758E+11,Financial,United States,7,2.93537E+11,1,4.46943E+11,9,7.5529E+11
7,12-31-2006,Toyota,2.41161E+11,Automotive,Japan,6,2.93537E+11,1,4.46943E+11,9,7.5529E+11
6,12-31-2006,IC Bank of China,2.54592E+11,Financial,China,5,2.93537E+11,1,4.46943E+11,9,7.5529E+11
5,12-31-2006,Gazprom,2.71482E+11,Oil & Gas,Russia,4,2.93537E+11,1,4.46943E+11,9,7.5529E+11
4,12-31-2006,Citigroup,2.73691E+11,Financial,United States,3,2.93537E+11,1,4.46943E+11,9,7.5529E+11
2,12-31-2006,General Electric,3.83564E+11,Diverse,United States,2,2.93537E+11,1,4.46943E+11,9,7.5529E+11
1,12-31-2006,Exxon Mobil,4.46943E+11,Oil & Gas,United States,1,2.93537E+11,1,4.46943E+11,9,7.5529E+11
3,9-30-2006,Microsoft,2.72679E+11,Technology,United States,1,2.72679E+11,1,3.98906E+11,9,6.85017E+11
10,9-30-2006,Pfizer,2.06785E+11,Healthcare,United States,9,2.72679E+11,1,3.98906E+11,9,6.85017E+11
9,9-30-2006,HSBC,2.09774E+11,Financial,United Kingdom,8,2.72679E+11,1,3.98906E+11,9,6.85017E+11
8,9-30-2006,BP,2.15623E+11,Oil & Gas,United Kingdom,7,2.72679E+11,1,3.98906E+11,9,6.85017E+11
7,9-30-2006,Royal Dutch Shell,2.16368E+11,Oil & Gas,UK-Netherlands,6,2.72679E+11,1,3.98906E+11,9,6.85017E+11
6,9-30-2006,Bank of America,2.42451E+11,Financial,United States,5,2.72679E+11,1,3.98906E+11,9,6.85017E+11
5,9-30-2006,Citigroup,2.46727E+11,Financial,United States,4,2.72679E+11,1,3.98906E+11,9,6.85017E+11
4,9-30-2006,Gazprom,2.54634E+11,Oil & Gas,Russia,3,2.72679E+11,1,3.98906E+11,9,6.85017E+11
2,9-30-2006,General Electric,3.64414E+11,Diverse,United States,2,2.72679E+11,1,3.98906E+11,9,6.85017E+11
1,9-30-2006,Exxon Mobil,3.98906E+11,Oil & Gas,United States,1,2.72679E+11,1,3.98906E+11,9,6.85017E+11
5,6-30-2006,Microsoft,2.37688E+11,Technology,United States,1,2.37688E+11,1,3.71187E+11,9,6.21053E+11
10,6-30-2006,Wal-Mart,2.00762E+11,Retail,United States,9,2.37688E+11,1,3.71187E+11,9,6.21053E+11
9,6-30-2006,HSBC,2.01854E+11,Financial,United Kingdom,8,2.37688E+11,1,3.71187E+11,9,6.21053E+11
8,6-30-2006,Bank of America,2.19504E+11,Financial,United States,7,2.37688E+11,1,3.71187E+11,9,6.21053E+11
7,6-30-2006,Royal Dutch Shell,2.24925E+11,Oil & Gas,UK-Netherlands,6,2.37688E+11,1,3.71187E+11,9,6.21053E+11
6,6-30-2006,BP,2.33151E+11,Oil & Gas,United Kingdom,5,2.37688E+11,1,3.71187E+11,9,6.21053E+11
4,6-30-2006,Citigroup,2.39862E+11,Financial,United States,4,2.37688E+11,1,3.71187E+11,9,6.21053E+11
3,6-30-2006,Gazprom,2.46341E+11,Oil & Gas,Russia,3,2.37688E+11,1,3.71187E+11,9,6.21053E+11
2,6-30-2006,General Electric,3.42731E+11,Diverse,United States,2,2.37688E+11,1,3.71187E+11,9,6.21053E+11
1,6-30-2006,Exxon Mobil,3.71187E+11,Oil & Gas,United States,1,2.37688E+11,1,3.71187E+11,9,6.21053E+11
3,3-31-2006,Microsoft,2.81171E+11,Technology,United States,1,2.81171E+11,1,3.71631E+11,9,6.65858E+11
10,3-31-2006,Gazprom,1.96339E+11,Oil & Gas,Russia,9,2.81171E+11,1,3.71631E+11,9,6.65858E+11
9,3-31-2006,Toyota,1.96731E+11,Automotive,Japan,8,2.81171E+11,1,3.71631E+11,9,6.65858E+11
8,3-31-2006,Wal-Mart,1.9686E+11,Retail,United States,7,2.81171E+11,1,3.71631E+11,9,6.65858E+11
7,3-31-2006,Royal Dutch Shell,2.1128E+11,Oil & Gas,UK-Netherlands,6,2.81171E+11,1,3.71631E+11,9,6.65858E+11
6,3-31-2006,Bank of America,2.11706E+11,Financial,United States,5,2.81171E+11,1,3.71631E+11,9,6.65858E+11
5,3-31-2006,BP,2.3326E+11,Oil & Gas,United Kingdom,4,2.81171E+11,1,3.71631E+11,9,6.65858E+11
4,3-31-2006,Citigroup,2.38935E+11,Financial,United States,3,2.81171E+11,1,3.71631E+11,9,6.65858E+11
2,3-31-2006,General Electric,3.62527E+11,Diverse,United States,2,2.81171E+11,1,3.71631E+11,9,6.65858E+11
1,3-31-2006,Exxon Mobil,3.71631E+11,Oil & Gas,United States,1,2.81171E+11,1,3.71631E+11,9,6.65858E+11
3,12-31-2004,Microsoft,2.62975E+11,Technology,United States,1,2.62975E+11,1,3.82233E+11,9,6.58112E+11
10,12-31-2004,Bank of America,1.78765E+11,Financial,United States,9,2.62975E+11,1,3.82233E+11,9,6.58112E+11
9,12-31-2004,Pfizer,1.95945E+11,Healthcare,United States,8,2.62975E+11,1,3.82233E+11,9,6.58112E+11
8,12-31-2004,Johnson & Johnson,1.99711E+11,Healthcare,United States,7,2.62975E+11,1,3.82233E+11,9,6.58112E+11
7,12-31-2004,Royal Dutch Shell,2.1063E+11,Oil & Gas,UK-Netherlands,6,2.62975E+11,1,3.82233E+11,9,6.58112E+11
6,12-31-2004,Wal-Mart,2.12209E+11,Retail,United States,5,2.62975E+11,1,3.82233E+11,9,6.58112E+11
5,12-31-2004,BP,2.21365E+11,Oil & Gas,United Kingdom,4,2.62975E+11,1,3.82233E+11,9,6.58112E+11
4,12-31-2004,Citigroup,2.34437E+11,Financial,United States,3,2.62975E+11,1,3.82233E+11,9,6.58112E+11
2,12-31-2004,Exxon Mobil,3.80567E+11,Oil & Gas,United States,2,2.62975E+11,1,3.82233E+11,9,6.58112E+11
1,12-31-2004,General Electric,3.82233E+11,Diverse,United States,1,2.62975E+11,1,3.82233E+11,9,6.58112E+11
2,12-31-2003,Microsoft,2.71911E+11,Technology,United States,1,2.71911E+11,2,2.99336E+11,8,5.82672E+11
8,12-31-2003,Intel Corporation,1.79996E+11,Technology,United States,2,2.71911E+11,2,2.99336E+11,8,5.82672E+11
10,12-31-2003,HSBC,1.63574E+11,Financial,United Kingdom,8,2.71911E+11,2,2.99336E+11,8,5.82672E+11
9,12-31-2003,BP,1.74648E+11,Oil & Gas,United Kingdom,7,2.71911E+11,2,2.99336E+11,8,5.82672E+11
7,12-31-2003,American International Group,1.83696E+11,Financial,United States,6,2.71911E+11,2,2.99336E+11,8,5.82672E+11
6,12-31-2003,Wal-Mart,2.58888E+11,Retail,United States,5,2.71911E+11,2,2.99336E+11,8,5.82672E+11
5,12-31-2003,Citigroup,2.59191E+11,Financial,United States,4,2.71911E+11,2,2.99336E+11,8,5.82672E+11
4,12-31-2003,Pfizer,2.61616E+11,Healthcare,United States,3,2.71911E+11,2,2.99336E+11,8,5.82672E+11
3,12-31-2003,Exxon Mobil,2.6394E+11,Oil & Gas,United States,2,2.71911E+11,2,2.99336E+11,8,5.82672E+11
1,12-31-2003,General Electric,2.99336E+11,Diverse,United States,1,2.71911E+11,2,2.99336E+11,8,5.82672E+11
10,12-31-2002,IBM,1.39272E+11,Technology,United States,2,2.64003E+11,2,2.59647E+11,8,5.34123E+11
1,12-31-2002,Microsoft,2.64003E+11,Technology,United States,1,2.64003E+11,2,2.59647E+11,8,5.34123E+11
9,12-31-2002,BP,1.44381E+11,Oil & Gas,United Kingdom,8,2.64003E+11,2,2.59647E+11,8,5.34123E+11
8,12-31-2002,Royal Dutch Shell,1.49034E+11,Oil & Gas,UK-Netherlands,7,2.64003E+11,2,2.59647E+11,8,5.34123E+11
7,12-31-2002,Johnson & Johnson,1.70417E+11,Healthcare,United States,6,2.64003E+11,2,2.59647E+11,8,5.34123E+11
6,12-31-2002,Citigroup,1.83887E+11,Financial,United States,5,2.64003E+11,2,2.59647E+11,8,5.34123E+11
5,12-31-2002,Pfizer,1.95948E+11,Healthcare,United States,4,2.64003E+11,2,2.59647E+11,8,5.34123E+11
4,12-31-2002,Wal-Mart,2.34399E+11,Retail,United States,3,2.64003E+11,2,2.59647E+11,8,5.34123E+11
3,12-31-2002,Exxon Mobil,2.41037E+11,Oil & Gas,United States,2,2.64003E+11,2,2.59647E+11,8,5.34123E+11
2,12-31-2002,General Electric,2.59647E+11,Diverse,United States,1,2.64003E+11,2,2.59647E+11,8,5.34123E+11
2,12-31-2001,Microsoft,3.26639E+11,Technology,United States,1,3.26639E+11,2,3.72089E+11,8,7.12703E+11
7,12-31-2001,Intel Corporation,2.03838E+11,Technology,United States,2,3.26639E+11,2,3.72089E+11,8,7.12703E+11
10,12-31-2001,Royal Dutch Shell,1.89913E+11,Oil & Gas,UK-Netherlands,8,3.26639E+11,2,3.72089E+11,8,7.12703E+11
9,12-31-2001,Johnson & Johnson,1.97912E+11,Healthcare,United States,7,3.26639E+11,2,3.72089E+11,8,7.12703E+11
8,12-31-2001,BP,2.00794E+11,Oil & Gas,United Kingdom,6,3.26639E+11,2,3.72089E+11,8,7.12703E+11
6,12-31-2001,Pfizer,2.49021E+11,Healthcare,United States,5,3.26639E+11,2,3.72089E+11,8,7.12703E+11
5,12-31-2001,Citigroup,2.55299E+11,Financial,United States,4,3.26639E+11,2,3.72089E+11,8,7.12703E+11
4,12-31-2001,Wal-Mart,2.7322E+11,Retail,United States,3,3.26639E+11,2,3.72089E+11,8,7.12703E+11
3,12-31-2001,Exxon Mobil,2.9982E+11,Oil & Gas,United States,2,3.26639E+11,2,3.72089E+11,8,7.12703E+11
1,12-31-2001,General Electric,3.72089E+11,Diverse,United States,1,3.26639E+11,2,3.72089E+11,8,7.12703E+11
5,12-31-2000,Microsoft,2.58436E+11,Technology,United States,2,3.04699E+11,3,4.77406E+11,7,7.97747E+11
2,12-31-2000,Cisco,3.04699E+11,Technology,United States,1,3.04699E+11,3,4.77406E+11,7,7.97747E+11
9,12-31-2000,Intel Corporation,2.27048E+11,Technology,United States,3,3.04699E+11,3,4.77406E+11,7,7.97747E+11
10,12-31-2000,Royal Dutch Shell,2.0634E+11,Oil & Gas,UK-Netherlands,7,3.04699E+11,3,4.77406E+11,7,7.97747E+11
8,12-31-2000,Vodafone,2.27175E+11,Telecommunications,United Kingdom,6,3.04699E+11,3,4.77406E+11,7,7.97747E+11
7,12-31-2000,Citigroup,2.50143E+11,Financial,United States,5,3.04699E+11,3,4.77406E+11,7,7.97747E+11
6,12-31-2000,Wal-Mart,2.50955E+11,Retail,United States,4,3.04699E+11,3,4.77406E+11,7,7.97747E+11
4,12-31-2000,Pfizer,2.63996E+11,Healthcare,United States,3,3.04699E+11,3,4.77406E+11,7,7.97747E+11
3,12-31-2000,Exxon Mobil,2.86367E+11,Oil & Gas,United States,2,3.04699E+11,3,4.77406E+11,7,7.97747E+11
1,12-31-2000,General Electric,4.77406E+11,Diverse,United States,1,3.04699E+11,3,4.77406E+11,7,7.97747E+11
9,12-31-1999,Lucent Technologies,2.37668E+11,Technology,United States,4,5.86197E+11,4,4.74956E+11,6,1.08238E+12
4,12-31-1999,Cisco,3.48965E+11,Technology,United States,2,5.86197E+11,4,4.74956E+11,6,1.08238E+12
1,12-31-1999,Microsoft,5.86197E+11,Technology,United States,1,5.86197E+11,4,4.74956E+11,6,1.08238E+12
6,12-31-1999,Intel Corporation,2.77096E+11,Technology,United States,3,5.86197E+11,4,4.74956E+11,6,1.08238E+12
10,12-31-1999,Deutsche Telekom,2.09628E+11,Telecommunications,Germany,6,5.86197E+11,4,4.74956E+11,6,1.08238E+12
8,12-31-1999,Exxon Mobil,2.65894E+11,Oil & Gas,United States,5,5.86197E+11,4,4.74956E+11,6,1.08238E+12
7,12-31-1999,Nippon,2.74905E+11,Telecommunications,Japan,4,5.86197E+11,4,4.74956E+11,6,1.08238E+12
5,12-31-1999,Wal-Mart,2.86153E+11,Retail,United States,3,5.86197E+11,4,4.74956E+11,6,1.08238E+12
3,12-31-1999,NTT DoCoMo,3.66204E+11,Mobile Operator,Japan,2,5.86197E+11,4,4.74956E+11,6,1.08238E+12
2,12-31-1999,General Electric,4.74956E+11,Diverse,United States,1,5.86197E+11,4,4.74956E+11,6,1.08238E+12
10,12-31-1998,IBM,1.21184E+11,Technology,United States,3,2.71854E+11,3,2.58871E+11,7,5.4134E+11
1,12-31-1998,Microsoft,2.71854E+11,Technology,United States,1,2.71854E+11,3,2.58871E+11,7,5.4134E+11
7,12-31-1998,Intel Corporation,1.4406E+11,Technology,United States,2,2.71854E+11,3,2.58871E+11,7,5.4134E+11
9,12-31-1998,Wal-Mart,1.23062E+11,Retail,United States,7,2.71854E+11,3,2.58871E+11,7,5.4134E+11
8,12-31-1998,Coca-Cola,1.42164E+11,Food,United States,6,2.71854E+11,3,2.58871E+11,7,5.4134E+11
6,12-31-1998,Pfizer,1.48074E+11,Healthcare,United States,5,2.71854E+11,3,2.58871E+11,7,5.4134E+11
5,12-31-1998,Merck,1.54753E+11,Healthcare,United States,4,2.71854E+11,3,2.58871E+11,7,5.4134E+11
4,12-31-1998,Royal Dutch Shell,1.64157E+11,Oil & Gas,UK-Netherlands,3,2.71854E+11,3,2.58871E+11,7,5.4134E+11
3,12-31-1998,Exxon Mobil,1.72213E+11,Oil & Gas,United States,2,2.71854E+11,3,2.58871E+11,7,5.4134E+11
2,12-31-1998,General Electric,2.58871E+11,Diverse,United States,1,2.71854E+11,3,2.58871E+11,7,5.4134E+11
3,12-31-1997,Microsoft,1.5966E+11,Technology,United States,1,1.5966E+11,2,2.22748E+11,8,3.90056E+11
6,12-31-1997,Intel Corporation,1.50838E+11,Technology,United States,2,1.5966E+11,2,2.22748E+11,8,3.90056E+11
10,12-31-1997,Novartis,1.04468E+11,Healthcare,Switzerland,8,1.5966E+11,2,2.22748E+11,8,3.90056E+11
9,12-31-1997,Toyota,1.16585E+11,Automotive,Japan,7,1.5966E+11,2,2.22748E+11,8,3.90056E+11
8,12-31-1997,Merck,1.20757E+11,Healthcare,United States,6,1.5966E+11,2,2.22748E+11,8,3.90056E+11
7,12-31-1997,Nippon,1.46139E+11,Telecommunications,Japan,5,1.5966E+11,2,2.22748E+11,8,3.90056E+11
5,12-31-1997,Coca-Cola,1.51288E+11,Food,United States,4,1.5966E+11,2,2.22748E+11,8,3.90056E+11
4,12-31-1997,Exxon Mobil,1.5797E+11,Oil & Gas,United States,3,1.5966E+11,2,2.22748E+11,8,3.90056E+11
2,12-31-1997,Royal Dutch Shell,1.91002E+11,Oil & Gas,UK-Netherlands,2,1.5966E+11,2,2.22748E+11,8,3.90056E+11
1,12-31-1997,General Electric,2.22748E+11,Diverse,United States,1,1.5966E+11,2,2.22748E+11,8,3.90056E+11
5,12-31-1996,Exxon Mobil,1.02161E+11,Oil & Gas,United States,5,,0,1.36515E+11,5,1.39245E+11
4,12-31-1996,Nippon,1.13609E+11,Telecommunications,Japan,4,,0,1.36515E+11,5,1.39245E+11
3,12-31-1996,Coca-Cola,1.17258E+11,Food,United States,3,,0,1.36515E+11,5,1.39245E+11
2,12-31-1996,Royal Dutch Shell,1.28206E+11,Oil & Gas,UK-Netherlands,2,,0,1.36515E+11,5,1.39245E+11
1,12-31-1996,General Electric,1.36515E+11,Diverse,United States,1,,0,1.36515E+11,5,1.39245E+11
